# Music-font glyphs learned from the library's own PDFs (FontGlyphsTool): family code outline, in staff spaces, y down
helsinki 0023 0.77,-0.469,0.949,-0.531,0.964,-0.541,0.977,-0.557,0.987,-0.578,0.996,-0.605,1.004,-0.637,1.009,-0.669,1.013,-0.704,1.014,-0.74,1.011,-0.796,1.002,-0.844,0.994,-0.864,0.985,-0.878,0.975,-0.888,0.963,-0.893,0.949,-0.889,0.77,-0.824,0.77,-1.332,0.765,-1.344,0.756,-1.352,0.743,-1.357,0.729,-1.359,0.714,-1.358,0.701,-1.354,0.692,-1.344,0.689,-1.332,0.689,-0.797,0.338,-0.664,0.338,-1.203,0.333,-1.215,0.322,-1.225,0.308,-1.23,0.293,-1.232,0.278,-1.23,0.266,-1.225,0.257,-1.215,0.254,-1.203,0.254,-0.637,0.07,-0.561,0.056,-0.55,0.045,-0.533,0.036,-0.506,0.027,-0.469,0.02,-0.42,0.018,-0.359,0.019,-0.304,0.025,-0.258,0.033,-0.239,0.042,-0.225,0.055,-0.216,0.07,-0.213,0.254,-0.279,0.254,0.432,0.07,0.5,0.057,0.51,0.045,0.526,0.036,0.547,0.029,0.572,0.021,0.631,0.018,0.695,0.021,0.758,0.029,0.809,0.036,0.829,0.045,0.844,0.057,0.853,0.07,0.855,0.254,0.783,0.254,1.324,0.257,1.338,0.266,1.348,0.278,1.355,0.293,1.357,0.308,1.355,0.322,1.35,0.333,1.338,0.338,1.324,0.338,0.752,0.689,0.623,0.689,1.213,0.692,1.226,0.701,1.234,0.714,1.239,0.729,1.24,0.743,1.239,0.756,1.234,0.765,1.226,0.77,1.213,0.77,0.596,0.949,0.531,0.964,0.521,0.977,0.506,0.987,0.484,0.996,0.457,1.004,0.426,1.009,0.394,1.013,0.36,1.014,0.324,1.011,0.268,1.002,0.221,0.994,0.202,0.985,0.188,0.975,0.179,0.963,0.176,0.949,0.18,0.77,0.244,0.77,-0.469|0.689,-0.436,0.689,0.271,0.338,0.4,0.338,-0.309,0.689,-0.436
helsinki 0026 1.061,1.424,1.004,1.429,0.951,1.438,0.9,1.452,0.852,1.471,0.806,1.494,0.765,1.52,0.726,1.549,0.691,1.582,0.659,1.618,0.631,1.654,0.608,1.691,0.588,1.729,0.573,1.767,0.562,1.805,0.555,1.841,0.553,1.877,0.554,1.919,0.557,1.959,0.563,1.998,0.57,2.036,0.58,2.073,0.592,2.108,0.607,2.141,0.623,2.174,0.662,2.236,0.706,2.292,0.756,2.344,0.811,2.391,0.87,2.432,0.933,2.467,0.997,2.497,1.064,2.521,1.133,2.541,1.201,2.555,1.268,2.563,1.336,2.564,1.397,2.562,1.461,2.554,1.526,2.541,1.594,2.523,1.662,2.5,1.729,2.472,1.793,2.438,1.855,2.398,1.915,2.354,1.969,2.304,2.018,2.249,2.061,2.189,2.079,2.158,2.096,2.124,2.11,2.09,2.122,2.054,2.131,2.016,2.138,1.978,2.142,1.938,2.145,1.896,2.144,1.858,2.14,1.818,2.133,1.778,2.123,1.736,1.92,0.912,1.968,0.89,2.015,0.867,2.06,0.841,2.103,0.814,2.144,0.786,2.184,0.755,2.222,0.723,2.258,0.689,2.326,0.618,2.387,0.543,2.442,0.466,2.49,0.387,2.532,0.305,2.568,0.225,2.599,0.145,2.623,0.066,2.643,-0.01,2.658,-0.083,2.667,-0.15,2.672,-0.213,2.672,-0.232,2.67,-0.288,2.667,-0.341,2.661,-0.393,2.653,-0.443,2.643,-0.492,2.632,-0.539,2.618,-0.584,2.602,-0.627,2.564,-0.71,2.543,-0.748,2.52,-0.786,2.496,-0.821,2.471,-0.855,2.444,-0.887,2.416,-0.918,2.356,-0.974,2.292,-1.024,2.224,-1.068,2.152,-1.105,2.078,-1.138,2.003,-1.164,1.926,-1.185,1.848,-1.199,1.776,-1.206,1.699,-1.207,1.617,-1.204,1.539,-1.197,1.468,-1.186,1.412,-1.172,1.221,-1.904,1.307,-1.997,1.39,-2.09,1.469,-2.185,1.543,-2.281,1.613,-2.379,1.677,-2.478,1.736,-2.579,1.789,-2.682,1.837,-2.787,1.878,-2.893,1.914,-3.001,1.943,-3.109,1.967,-3.221,1.985,-3.334,1.996,-3.45,2,-3.568,2,-3.592,1.997,-3.656,1.992,-3.72,1.985,-3.784,1.976,-3.846,1.965,-3.908,1.952,-3.969,1.937,-4.03,1.92,-4.09,1.882,-4.207,1.84,-4.318,1.795,-4.423,1.746,-4.521,1.694,-4.612,1.643,-4.694,1.592,-4.766,1.541,-4.828,1.493,-4.88,1.449,-4.92,1.411,-4.947,1.393,-4.955,1.377,-4.961,1.358,-4.953,1.338,-4.941,1.318,-4.926,1.297,-4.908,1.244,-4.854,1.176,-4.773,1.136,-4.721,1.094,-4.656,1.048,-4.579,1,-4.49,0.951,-4.393,0.907,-4.293,0.867,-4.19,0.832,-4.084,0.802,-3.977,0.78,-3.873,0.766,-3.769,0.76,-3.668,0.76,-3.623,0.761,-3.529,0.765,-3.438,0.771,-3.353,0.779,-3.271,0.791,-3.193,0.804,-3.118,0.819,-3.044,0.836,-2.973,0.874,-2.831,0.914,-2.689,0.996,-2.396,0.859,-2.252,0.782,-2.167,0.701,-2.074,0.618,-1.976,0.535,-1.871,0.453,-1.759,0.373,-1.643,0.297,-1.52,0.227,-1.393,0.192,-1.323,0.156,-1.243,0.119,-1.155,0.08,-1.057,0.062,-1.004,0.046,-0.949,0.032,-0.891,0.021,-0.83,0.012,-0.767,0.006,-0.701,0.002,-0.632,0,-0.561,0.001,-0.483,0.006,-0.406,0.013,-0.331,0.024,-0.257,0.037,-0.184,0.054,-0.112,0.073,-0.041,0.096,0.029,0.121,0.098,0.149,0.165,0.18,0.23,0.214,0.292,0.25,0.353,0.29,0.412,0.332,0.469,0.377,0.523,0.425,0.576,0.476,0.625,0.529,0.671,0.585,0.715,0.643,0.755,0.704,0.793,0.768,0.828,0.834,0.859,0.903,0.888,0.973,0.913,1.047,0.935,1.122,0.952,1.2,0.966,1.28,0.976,1.362,0.982,1.447,0.984,1.539,0.983,1.633,0.975,1.73,0.962,1.828,0.943,2.027,1.768,2.041,1.832,2.044,1.863,2.045,1.893,2.04,1.957,2.035,1.988,2.028,2.019,2.019,2.048,2.008,2.076,1.995,2.104,1.98,2.131,1.946,2.182,1.907,2.229,1.864,2.273,1.816,2.313,1.764,2.348,1.709,2.379,1.652,2.406,1.592,2.428,1.529,2.446,1.467,2.458,1.405,2.466,1.344,2.469,1.304,2.467,1.263,2.461,1.223,2.452,1.182,2.439,1.141,2.424,1.103,2.405,1.066,2.385,1.031,2.361,0.999,2.336,0.969,2.31,0.942,2.281,0.918,2.252,0.898,2.222,0.883,2.191,0.873,2.16,0.867,2.129,0.905,2.151,0.944,2.166,0.985,2.174,1.027,2.176,1.064,2.174,1.1,2.169,1.137,2.16,1.174,2.148,1.21,2.133,1.245,2.114,1.279,2.094,1.311,2.07,1.34,2.044,1.367,2.017,1.39,1.988,1.41,1.957,1.427,1.926,1.44,1.894,1.448,1.861,1.451,1.828,1.449,1.792,1.443,1.756,1.435,1.721,1.424,1.686,1.41,1.651,1.393,1.618,1.373,1.587,1.35,1.559,1.323,1.532,1.293,1.507,1.261,1.486,1.227,1.467,1.188,1.45,1.148,1.438,1.105,1.429,1.061,1.424|1.496,-4.52,1.529,-4.505,1.56,-4.482,1.59,-4.451,1.619,-4.412,1.647,-4.366,1.673,-4.314,1.697,-4.258,1.719,-4.197,1.738,-4.133,1.755,-4.068,1.77,-4.001,1.783,-3.934,1.793,-3.864,1.8,-3.794,1.804,-3.724,1.805,-3.654,1.803,-3.619,1.798,-3.582,1.783,-3.506,1.759,-3.427,1.727,-3.344,1.686,-3.26,1.641,-3.177,1.59,-3.095,1.535,-3.016,1.417,-2.86,1.297,-2.715,1.18,-2.584,1.076,-2.473,1.014,-2.705,0.984,-2.819,0.957,-2.938,0.935,-3.066,0.918,-3.205,0.911,-3.281,0.907,-3.362,0.904,-3.448,0.904,-3.539,0.906,-3.588,0.909,-3.635,0.915,-3.683,0.922,-3.729,0.932,-3.775,0.943,-3.82,0.957,-3.864,0.973,-3.908,1.007,-3.991,1.042,-4.065,1.078,-4.129,1.115,-4.184,1.184,-4.273,1.24,-4.338,1.297,-4.394,1.363,-4.451,1.399,-4.478,1.433,-4.499,1.465,-4.512,1.496,-4.52,1.496,-4.52|1.297,-1.133,1.235,-1.107,1.178,-1.08,1.127,-1.051,1.081,-1.021,1.041,-0.991,1.006,-0.958,0.977,-0.925,0.953,-0.891,0.915,-0.821,0.884,-0.756,0.861,-0.694,0.846,-0.637,0.835,-0.58,0.827,-0.521,0.822,-0.46,0.82,-0.396,0.82,-0.335,0.824,-0.275,0.834,-0.188,0.849,-0.106,0.87,-0.029,0.896,0.043,0.928,0.11,0.963,0.171,1,0.228,1.041,0.279,1.083,0.326,1.126,0.367,1.169,0.404,1.213,0.436,1.256,0.462,1.298,0.484,1.338,0.5,1.377,0.512,1.295,0.447,1.221,0.381,1.186,0.346,1.154,0.311,1.125,0.275,1.1,0.238,1.076,0.199,1.055,0.159,1.037,0.116,1.021,0.072,1.009,0.026,1,-0.023,0.994,-0.075,0.992,-0.129,0.993,-0.178,0.996,-0.226,1.002,-0.272,1.012,-0.316,1.027,-0.362,1.048,-0.409,1.077,-0.459,1.111,-0.512,1.133,-0.538,1.159,-0.563,1.191,-0.587,1.228,-0.608,1.269,-0.629,1.316,-0.647,1.367,-0.664,1.424,-0.68,1.787,0.783,1.747,0.795,1.699,0.803,1.59,0.816,1.531,0.821,1.473,0.822,1.363,0.824,1.303,0.824,1.276,0.823,1.256,0.82,1.194,0.813,1.135,0.802,1.078,0.789,1.022,0.772,0.969,0.753,0.918,0.732,0.869,0.707,0.822,0.68,0.777,0.649,0.734,0.617,0.692,0.584,0.653,0.548,0.616,0.51,0.581,0.471,0.548,0.43,0.518,0.387,0.488,0.342,0.461,0.297,0.436,0.251,0.412,0.204,0.391,0.156,0.371,0.108,0.354,0.058,0.338,0.008,0.312,-0.095,0.294,-0.198,0.283,-0.301,0.279,-0.404,0.281,-0.458,0.287,-0.513,0.296,-0.568,0.309,-0.623,0.325,-0.68,0.344,-0.736,0.366,-0.792,0.391,-0.848,0.447,-0.959,0.51,-1.066,0.578,-1.171,0.65,-1.271,0.724,-1.367,0.797,-1.457,0.869,-1.541,0.938,-1.615,1.057,-1.74,1.141,-1.828,1.297,-1.133,1.297,-1.133|1.52,-0.695,1.576,-0.704,1.632,-0.71,1.688,-0.715,1.744,-0.717,1.81,-0.714,1.874,-0.708,1.934,-0.698,1.992,-0.686,2.048,-0.67,2.101,-0.651,2.15,-0.63,2.195,-0.605,2.238,-0.579,2.277,-0.55,2.313,-0.518,2.344,-0.484,2.371,-0.446,2.393,-0.405,2.411,-0.359,2.424,-0.311,2.434,-0.257,2.441,-0.201,2.446,-0.141,2.447,-0.078,2.444,-0.013,2.436,0.053,2.422,0.118,2.404,0.184,2.379,0.251,2.346,0.323,2.303,0.399,2.252,0.479,2.222,0.519,2.187,0.558,2.148,0.596,2.104,0.632,2.055,0.666,2.001,0.699,1.943,0.73,1.881,0.76,1.52,-0.695
helsinki 002D 1.381,-0,1.381,-0.18,0,-0.18,0,-0,1.381,-0
helsinki 002E 0.1,-0.057,0.102,-0.026,0.11,0.002,0.124,0.028,0.143,0.051,0.166,0.07,0.192,0.083,0.222,0.092,0.256,0.096,0.288,0.092,0.316,0.083,0.342,0.07,0.365,0.051,0.385,0.028,0.399,0.002,0.408,-0.026,0.412,-0.057,0.409,-0.088,0.4,-0.117,0.386,-0.143,0.367,-0.166,0.343,-0.186,0.317,-0.2,0.288,-0.209,0.256,-0.213,0.222,-0.209,0.192,-0.201,0.166,-0.187,0.143,-0.168,0.124,-0.144,0.11,-0.118,0.102,-0.089,0.1,-0.057
helsinki 0032 1.408,0.531,1.405,0.576,1.395,0.615,1.388,0.633,1.379,0.65,1.368,0.665,1.355,0.68,1.341,0.693,1.325,0.704,1.306,0.714,1.285,0.722,1.262,0.728,1.237,0.733,1.18,0.736,1.129,0.735,1.08,0.729,1.033,0.721,0.988,0.709,0.902,0.677,0.82,0.641,0.739,0.604,0.66,0.572,0.62,0.558,0.58,0.548,0.54,0.542,0.5,0.539,0.45,0.543,0.399,0.553,0.347,0.571,0.293,0.596,0.304,0.559,0.32,0.523,0.34,0.489,0.365,0.455,0.394,0.421,0.426,0.389,0.462,0.357,0.5,0.326,0.585,0.265,0.676,0.205,0.869,0.084,0.965,0.023,1.057,-0.039,1.143,-0.103,1.182,-0.135,1.219,-0.168,1.253,-0.203,1.283,-0.239,1.31,-0.276,1.332,-0.314,1.351,-0.356,1.364,-0.401,1.372,-0.45,1.375,-0.504,1.374,-0.532,1.37,-0.559,1.364,-0.586,1.357,-0.612,1.347,-0.638,1.336,-0.664,1.307,-0.715,1.27,-0.763,1.228,-0.807,1.181,-0.846,1.129,-0.881,1.072,-0.911,1.013,-0.937,0.952,-0.959,0.889,-0.977,0.824,-0.991,0.76,-1.002,0.696,-1.009,0.633,-1.012,0.579,-1.009,0.526,-1.001,0.473,-0.989,0.42,-0.973,0.368,-0.951,0.319,-0.927,0.273,-0.899,0.229,-0.867,0.188,-0.831,0.151,-0.792,0.119,-0.75,0.092,-0.705,0.069,-0.656,0.052,-0.605,0.042,-0.552,0.039,-0.496,0.041,-0.468,0.045,-0.442,0.051,-0.417,0.059,-0.393,0.07,-0.371,0.083,-0.349,0.098,-0.329,0.115,-0.311,0.135,-0.294,0.156,-0.279,0.178,-0.266,0.201,-0.256,0.225,-0.248,0.25,-0.242,0.277,-0.238,0.305,-0.236,0.331,-0.238,0.356,-0.242,0.381,-0.248,0.404,-0.256,0.426,-0.266,0.447,-0.279,0.467,-0.294,0.486,-0.311,0.504,-0.329,0.519,-0.349,0.532,-0.371,0.543,-0.393,0.552,-0.417,0.558,-0.442,0.562,-0.468,0.564,-0.496,0.563,-0.524,0.56,-0.551,0.555,-0.576,0.547,-0.599,0.538,-0.62,0.527,-0.639,0.514,-0.657,0.499,-0.672,0.481,-0.686,0.462,-0.698,0.441,-0.709,0.418,-0.717,0.392,-0.724,0.365,-0.728,0.305,-0.732,0.29,-0.734,0.28,-0.739,0.274,-0.747,0.271,-0.758,0.273,-0.77,0.279,-0.782,0.289,-0.794,0.303,-0.805,0.319,-0.816,0.338,-0.826,0.381,-0.842,0.429,-0.855,0.477,-0.863,0.521,-0.869,0.557,-0.871,0.612,-0.869,0.664,-0.865,0.713,-0.856,0.757,-0.845,0.799,-0.83,0.836,-0.812,0.87,-0.791,0.901,-0.766,0.928,-0.738,0.951,-0.707,0.971,-0.673,0.987,-0.635,0.999,-0.594,1.008,-0.55,1.014,-0.502,1.016,-0.451,1.011,-0.413,1.001,-0.375,0.984,-0.334,0.961,-0.293,0.932,-0.25,0.898,-0.207,0.86,-0.163,0.818,-0.117,0.727,-0.023,0.627,0.074,0.522,0.175,0.42,0.279,0.333,0.372,0.254,0.465,0.181,0.558,0.149,0.604,0.119,0.65,0.092,0.696,0.069,0.74,0.048,0.784,0.031,0.826,0.018,0.867,0.008,0.907,0.002,0.944,0,0.98,0.084,0.98,0.086,0.954,0.09,0.929,0.098,0.905,0.109,0.883,0.124,0.862,0.142,0.844,0.161,0.827,0.184,0.813,0.209,0.799,0.236,0.787,0.266,0.777,0.297,0.77,0.33,0.763,0.366,0.758,0.405,0.755,0.445,0.754,0.487,0.757,0.529,0.765,0.57,0.778,0.611,0.795,0.693,0.837,0.77,0.885,0.844,0.932,0.916,0.973,0.951,0.989,0.987,1.001,1.024,1.009,1.061,1.012,1.106,1.009,1.148,1.003,1.188,0.993,1.226,0.979,1.261,0.961,1.294,0.94,1.324,0.914,1.352,0.885,1.377,0.851,1.399,0.815,1.417,0.776,1.433,0.733,1.445,0.687,1.453,0.638,1.459,0.586,1.461,0.531,1.408,0.531
helsinki 0033 1.201,0.436,1.2,0.392,1.197,0.353,1.191,0.316,1.184,0.283,1.173,0.252,1.16,0.223,1.144,0.195,1.127,0.17,1.107,0.146,1.085,0.124,1.061,0.102,1.035,0.082,0.974,0.043,0.902,0.004,0.975,-0.034,1.037,-0.072,1.065,-0.092,1.09,-0.113,1.112,-0.135,1.131,-0.158,1.147,-0.184,1.162,-0.211,1.174,-0.24,1.184,-0.271,1.191,-0.307,1.197,-0.348,1.2,-0.394,1.201,-0.445,1.197,-0.5,1.187,-0.554,1.171,-0.607,1.148,-0.66,1.12,-0.711,1.088,-0.759,1.052,-0.803,1.012,-0.844,0.968,-0.881,0.921,-0.913,0.872,-0.941,0.82,-0.965,0.766,-0.985,0.712,-0.999,0.657,-1.008,0.602,-1.012,0.529,-1.01,0.461,-1.004,0.397,-0.995,0.339,-0.982,0.285,-0.966,0.235,-0.946,0.191,-0.922,0.151,-0.895,0.116,-0.864,0.085,-0.83,0.06,-0.792,0.039,-0.751,0.022,-0.706,0.011,-0.657,0.004,-0.605,0.002,-0.549,0.005,-0.491,0.014,-0.441,0.021,-0.419,0.03,-0.399,0.041,-0.381,0.053,-0.365,0.066,-0.35,0.082,-0.338,0.099,-0.328,0.118,-0.319,0.138,-0.313,0.16,-0.308,0.184,-0.305,0.209,-0.305,0.261,-0.308,0.307,-0.318,0.327,-0.325,0.345,-0.334,0.362,-0.345,0.376,-0.357,0.39,-0.371,0.401,-0.387,0.411,-0.404,0.419,-0.423,0.425,-0.444,0.43,-0.466,0.434,-0.516,0.43,-0.565,0.42,-0.607,0.412,-0.626,0.403,-0.643,0.392,-0.658,0.38,-0.672,0.366,-0.685,0.35,-0.695,0.333,-0.704,0.314,-0.712,0.272,-0.721,0.223,-0.725,0.209,-0.726,0.199,-0.73,0.193,-0.738,0.191,-0.748,0.194,-0.76,0.201,-0.772,0.212,-0.784,0.227,-0.797,0.266,-0.823,0.313,-0.846,0.362,-0.865,0.41,-0.881,0.452,-0.892,0.482,-0.896,0.521,-0.893,0.558,-0.885,0.594,-0.872,0.629,-0.854,0.662,-0.831,0.693,-0.806,0.722,-0.778,0.748,-0.746,0.773,-0.711,0.795,-0.675,0.814,-0.637,0.83,-0.598,0.843,-0.558,0.853,-0.518,0.859,-0.479,0.861,-0.439,0.859,-0.412,0.852,-0.383,0.842,-0.353,0.828,-0.32,0.81,-0.286,0.789,-0.252,0.764,-0.219,0.736,-0.186,0.705,-0.154,0.671,-0.125,0.635,-0.099,0.596,-0.076,0.554,-0.057,0.509,-0.042,0.463,-0.034,0.414,-0.031,0.391,-0.031,0.391,0.035,0.41,0.035,0.459,0.038,0.505,0.046,0.55,0.058,0.592,0.074,0.632,0.095,0.669,0.119,0.703,0.145,0.734,0.174,0.763,0.206,0.788,0.238,0.809,0.272,0.826,0.307,0.841,0.343,0.851,0.379,0.857,0.416,0.859,0.453,0.858,0.491,0.852,0.53,0.843,0.57,0.83,0.609,0.814,0.649,0.795,0.687,0.774,0.723,0.75,0.756,0.723,0.787,0.693,0.815,0.662,0.84,0.629,0.861,0.594,0.878,0.558,0.891,0.521,0.898,0.482,0.9,0.452,0.897,0.41,0.889,0.362,0.875,0.313,0.857,0.266,0.834,0.229,0.809,0.213,0.795,0.202,0.78,0.196,0.764,0.193,0.748,0.194,0.74,0.2,0.734,0.209,0.73,0.223,0.729,0.272,0.726,0.314,0.716,0.333,0.709,0.35,0.7,0.366,0.689,0.38,0.677,0.392,0.663,0.403,0.648,0.412,0.631,0.42,0.612,0.43,0.569,0.434,0.52,0.43,0.471,0.425,0.448,0.419,0.428,0.411,0.409,0.401,0.392,0.39,0.376,0.376,0.362,0.362,0.35,0.345,0.339,0.327,0.33,0.307,0.323,0.261,0.312,0.209,0.309,0.184,0.31,0.16,0.312,0.138,0.317,0.118,0.324,0.099,0.332,0.082,0.343,0.066,0.355,0.053,0.37,0.041,0.386,0.03,0.404,0.021,0.424,0.014,0.446,0.005,0.496,0.002,0.553,0.003,0.609,0.007,0.662,0.016,0.711,0.027,0.756,0.045,0.798,0.067,0.836,0.094,0.87,0.127,0.9,0.166,0.928,0.212,0.951,0.264,0.971,0.322,0.986,0.388,0.999,0.461,1.008,0.542,1.014,0.631,1.016,0.682,1.013,0.733,1.004,0.784,0.99,0.834,0.971,0.884,0.945,0.931,0.916,0.975,0.882,1.018,0.844,1.057,0.802,1.091,0.757,1.122,0.709,1.148,0.658,1.171,0.605,1.187,0.55,1.197,0.493,1.201,0.436
helsinki 0034 1.332,0.928,1.302,0.926,1.271,0.922,1.241,0.915,1.211,0.904,1.183,0.89,1.16,0.873,1.152,0.864,1.146,0.854,1.142,0.843,1.141,0.832,1.141,0.539,1.332,0.539,1.332,0.451,1.141,0.451,1.141,-0.469,0.691,-0.092,0.691,0.451,0.156,0.451,1.084,-1.016,0.584,-1.016,0.569,-0.899,0.55,-0.783,0.529,-0.667,0.504,-0.553,0.476,-0.439,0.446,-0.33,0.413,-0.225,0.377,-0.123,0.338,-0.026,0.296,0.065,0.252,0.149,0.205,0.227,0.155,0.297,0.103,0.358,0.076,0.385,0.049,0.409,0.021,0.431,-0.008,0.451,-0.008,0.539,0.691,0.539,0.691,0.832,0.689,0.843,0.685,0.854,0.677,0.864,0.668,0.873,0.642,0.889,0.611,0.902,0.579,0.914,0.547,0.922,0.518,0.926,0.492,0.928,0.492,1.016,1.332,1.016,1.332,0.928
helsinki 003E 1.641,-0.42,0,-0.84,0,-0.68,1.141,-0.42,0,-0.16,0,0.08,1.641,-0.293,1.641,-0.42
helsinki 003F 2.396,0.443,2.398,0.484,2.408,0.523,2.427,0.563,2.453,0.598,2.469,0.613,2.486,0.627,2.505,0.639,2.525,0.648,2.549,0.657,2.574,0.663,2.6,0.667,2.629,0.668,2.653,0.667,2.676,0.664,2.698,0.658,2.719,0.65,2.739,0.64,2.757,0.627,2.775,0.613,2.791,0.598,2.819,0.563,2.84,0.525,2.854,0.484,2.859,0.443,2.855,0.4,2.845,0.363,2.829,0.331,2.809,0.305,2.785,0.282,2.762,0.264,2.74,0.249,2.719,0.238,2.698,0.23,2.675,0.224,2.651,0.22,2.625,0.219,2.598,0.22,2.573,0.223,2.55,0.229,2.527,0.236,2.505,0.248,2.483,0.263,2.461,0.281,2.439,0.303,2.421,0.33,2.407,0.362,2.399,0.4,2.396,0.443|2.396,-0.455,2.398,-0.414,2.402,-0.394,2.408,-0.375,2.417,-0.356,2.427,-0.338,2.439,-0.322,2.453,-0.307,2.469,-0.292,2.486,-0.279,2.505,-0.267,2.525,-0.258,2.549,-0.25,2.574,-0.245,2.6,-0.241,2.629,-0.24,2.653,-0.241,2.676,-0.245,2.698,-0.25,2.719,-0.258,2.757,-0.278,2.791,-0.305,2.819,-0.337,2.84,-0.373,2.848,-0.393,2.854,-0.413,2.857,-0.434,2.859,-0.455,2.854,-0.5,2.848,-0.521,2.841,-0.541,2.832,-0.56,2.821,-0.578,2.808,-0.595,2.793,-0.611,2.776,-0.626,2.759,-0.64,2.74,-0.651,2.72,-0.661,2.699,-0.668,2.677,-0.674,2.653,-0.678,2.629,-0.68,2.601,-0.678,2.575,-0.674,2.55,-0.669,2.528,-0.661,2.507,-0.652,2.488,-0.641,2.471,-0.628,2.455,-0.613,2.441,-0.597,2.429,-0.579,2.419,-0.561,2.411,-0.542,2.405,-0.521,2.4,-0.5,2.396,-0.455,2.396,-0.455|0.023,2.301,0.195,2.218,0.373,2.129,0.558,2.034,0.744,1.934,0.932,1.825,1.115,1.709,1.205,1.647,1.292,1.583,1.378,1.517,1.461,1.449,1.542,1.379,1.62,1.306,1.695,1.23,1.766,1.152,1.833,1.072,1.896,0.988,1.955,0.901,2.008,0.811,2.057,0.717,2.1,0.62,2.137,0.52,2.168,0.416,2.194,0.309,2.212,0.198,2.224,0.083,2.229,-0.035,2.227,-0.092,2.222,-0.146,2.214,-0.2,2.204,-0.252,2.19,-0.302,2.174,-0.352,2.155,-0.399,2.133,-0.445,2.108,-0.49,2.081,-0.533,2.052,-0.574,2.021,-0.613,1.989,-0.65,1.954,-0.686,1.917,-0.72,1.879,-0.752,1.838,-0.783,1.797,-0.812,1.754,-0.839,1.709,-0.864,1.664,-0.887,1.618,-0.908,1.57,-0.928,1.521,-0.945,1.471,-0.961,1.421,-0.975,1.37,-0.987,1.319,-0.997,1.268,-1.005,1.216,-1.01,1.164,-1.014,1.111,-1.016,1.036,-1.012,0.963,-1.002,0.894,-0.986,0.828,-0.965,0.709,-0.917,0.659,-0.894,0.615,-0.871,0.571,-0.845,0.523,-0.814,0.414,-0.736,0.385,-0.713,0.356,-0.687,0.328,-0.659,0.3,-0.629,0.247,-0.562,0.197,-0.486,0.174,-0.445,0.154,-0.403,0.136,-0.361,0.122,-0.317,0.111,-0.272,0.103,-0.227,0.098,-0.18,0.096,-0.133,0.098,-0.079,0.105,-0.029,0.118,0.018,0.135,0.061,0.157,0.101,0.183,0.137,0.212,0.17,0.244,0.199,0.28,0.225,0.318,0.247,0.357,0.265,0.398,0.279,0.441,0.291,0.485,0.299,0.53,0.304,0.576,0.305,0.618,0.303,0.659,0.299,0.699,0.292,0.738,0.281,0.777,0.268,0.814,0.252,0.85,0.233,0.883,0.211,0.913,0.186,0.94,0.158,0.964,0.127,0.984,0.094,1.001,0.056,1.013,0.015,1.02,-0.029,1.023,-0.076,1.021,-0.108,1.016,-0.139,1.008,-0.17,0.998,-0.199,0.985,-0.229,0.97,-0.256,0.952,-0.282,0.932,-0.307,0.908,-0.329,0.883,-0.348,0.857,-0.365,0.828,-0.379,0.798,-0.391,0.767,-0.4,0.734,-0.406,0.699,-0.408,0.619,-0.4,0.535,-0.381,0.496,-0.371,0.469,-0.367,0.437,-0.369,0.41,-0.375,0.388,-0.384,0.371,-0.396,0.357,-0.413,0.348,-0.432,0.342,-0.453,0.34,-0.477,0.343,-0.504,0.352,-0.531,0.378,-0.57,0.406,-0.607,0.435,-0.641,0.466,-0.672,0.498,-0.702,0.532,-0.729,0.568,-0.753,0.605,-0.775,0.645,-0.796,0.686,-0.814,0.729,-0.831,0.773,-0.847,0.82,-0.861,0.869,-0.873,0.973,-0.893,1.013,-0.897,1.057,-0.9,1.095,-0.898,1.133,-0.893,1.169,-0.886,1.203,-0.876,1.236,-0.863,1.268,-0.848,1.298,-0.831,1.326,-0.811,1.354,-0.788,1.38,-0.765,1.405,-0.739,1.429,-0.712,1.472,-0.654,1.51,-0.59,1.543,-0.521,1.571,-0.45,1.594,-0.377,1.613,-0.301,1.629,-0.224,1.64,-0.149,1.646,-0.076,1.648,-0.004,1.643,0.105,1.629,0.221,1.606,0.342,1.576,0.467,1.54,0.592,1.498,0.713,1.474,0.771,1.448,0.827,1.421,0.881,1.393,0.932,1.324,1.045,1.255,1.151,1.184,1.249,1.111,1.34,1.037,1.426,0.959,1.507,0.88,1.584,0.797,1.656,0.711,1.727,0.622,1.796,0.528,1.865,0.432,1.932,0.225,2.069,0,2.213,0.023,2.301
helsinki 004A 0.08,0.992,0.097,0.897,0.121,0.801,0.152,0.705,0.191,0.607,0.236,0.51,0.285,0.413,0.338,0.316,0.395,0.219,0.513,0.026,0.633,-0.162,0.751,-0.346,0.859,-0.523,0.914,-0.628,0.961,-0.731,1,-0.832,1.031,-0.932,1.056,-1.031,1.074,-1.13,1.084,-1.229,1.088,-1.328,1.086,-1.388,1.083,-1.448,1.077,-1.508,1.069,-1.569,1.048,-1.692,1.018,-1.816,0.979,-1.943,0.934,-2.073,0.882,-2.207,0.824,-2.344,0.809,-2.332,0.852,-2.211,0.89,-2.092,0.921,-1.977,0.947,-1.864,0.967,-1.754,0.981,-1.646,0.99,-1.541,0.992,-1.439,0.988,-1.331,0.976,-1.225,0.957,-1.122,0.931,-1.022,0.897,-0.925,0.855,-0.831,0.806,-0.739,0.75,-0.65,0.686,-0.564,0.615,-0.481,0.537,-0.4,0.452,-0.323,0.36,-0.249,0.26,-0.178,0.153,-0.11,0.039,-0.045,0.039,0.996,0.08,0.992
helsinki 005E 1.264,-0,1.221,-0.094,1.105,-0.367,1.023,-0.565,0.928,-0.799,0.695,-1.371,0.568,-1.371,0,-0,0.129,-0,0.549,-1.012,0.969,-0,1.264,-0
helsinki 0062 0.092,-0.381,0.114,-0.399,0.137,-0.416,0.162,-0.43,0.188,-0.441,0.215,-0.452,0.244,-0.459,0.274,-0.463,0.305,-0.465,0.335,-0.462,0.364,-0.452,0.392,-0.436,0.418,-0.414,0.43,-0.4,0.44,-0.384,0.449,-0.367,0.457,-0.347,0.468,-0.303,0.473,-0.252,0.469,-0.207,0.461,-0.162,0.449,-0.117,0.432,-0.072,0.41,-0.028,0.386,0.017,0.36,0.06,0.332,0.104,0.27,0.186,0.205,0.26,0.14,0.326,0.08,0.381,0.092,-0.381|0.775,-0.252,0.773,-0.299,0.768,-0.342,0.76,-0.382,0.75,-0.418,0.736,-0.452,0.717,-0.485,0.694,-0.517,0.666,-0.549,0.65,-0.564,0.632,-0.577,0.612,-0.588,0.59,-0.597,0.567,-0.603,0.541,-0.608,0.514,-0.611,0.484,-0.611,0.433,-0.608,0.382,-0.6,0.331,-0.588,0.279,-0.57,0.228,-0.549,0.18,-0.525,0.134,-0.5,0.092,-0.473,0.092,-1.832,0,-1.832,0,0.648,0.045,0.618,0.095,0.581,0.211,0.486,0.33,0.381,0.384,0.33,0.434,0.279,0.519,0.188,0.584,0.115,0.637,0.049,0.682,-0.016,0.72,-0.08,0.748,-0.141,0.759,-0.17,0.768,-0.199,0.773,-0.226,0.775,-0.252
helsinki 006A 0.039,-1.004,0.039,0.035,0.153,0.101,0.26,0.17,0.36,0.242,0.452,0.316,0.537,0.394,0.615,0.475,0.686,0.558,0.75,0.645,0.806,0.734,0.855,0.826,0.897,0.92,0.931,1.017,0.957,1.117,0.976,1.219,0.988,1.324,0.992,1.432,0.99,1.534,0.981,1.639,0.967,1.747,0.947,1.857,0.921,1.97,0.89,2.085,0.852,2.203,0.809,2.324,0.824,2.336,0.882,2.2,0.934,2.067,0.978,1.937,1.016,1.811,1.047,1.686,1.059,1.624,1.069,1.563,1.077,1.502,1.083,1.441,1.086,1.381,1.088,1.32,1.084,1.224,1.074,1.127,1.057,1.029,1.033,0.93,1.001,0.829,0.961,0.727,0.914,0.622,0.859,0.516,0.751,0.342,0.635,0.16,0.513,-0.029,0.395,-0.221,0.338,-0.318,0.285,-0.415,0.236,-0.512,0.191,-0.609,0.152,-0.707,0.121,-0.805,0.097,-0.902,0.08,-1,0.039,-1.004
helsinki 006E 0.713,1.363,0.713,-0.783,0.1,-0.568,0.1,-1.371,0,-1.371,0,0.775,0.611,0.564,0.611,1.363,0.713,1.363|0.1,-0.244,0.611,-0.432,0.611,0.24,0.1,0.424,0.1,-0.244
helsinki 0077 0,0.008,0.002,0.044,0.006,0.078,0.012,0.111,0.021,0.142,0.033,0.171,0.047,0.199,0.063,0.225,0.082,0.25,0.103,0.274,0.125,0.296,0.149,0.317,0.174,0.337,0.23,0.372,0.291,0.402,0.357,0.428,0.425,0.449,0.495,0.466,0.568,0.479,0.643,0.489,0.715,0.496,0.786,0.499,0.855,0.5,0.877,0.5,0.941,0.499,1.007,0.494,1.075,0.487,1.145,0.477,1.215,0.463,1.283,0.445,1.349,0.424,1.412,0.398,1.473,0.368,1.527,0.332,1.576,0.29,1.619,0.244,1.638,0.219,1.654,0.192,1.668,0.164,1.68,0.134,1.689,0.103,1.696,0.07,1.701,0.036,1.703,-0,1.701,-0.03,1.696,-0.059,1.688,-0.088,1.678,-0.115,1.664,-0.144,1.646,-0.174,1.623,-0.206,1.596,-0.24,1.561,-0.275,1.518,-0.308,1.466,-0.34,1.406,-0.371,1.343,-0.4,1.283,-0.423,1.225,-0.442,1.17,-0.455,1.07,-0.473,0.99,-0.484,0.922,-0.492,0.859,-0.496,0.79,-0.493,0.72,-0.487,0.648,-0.477,0.574,-0.463,0.501,-0.445,0.43,-0.424,0.361,-0.4,0.295,-0.371,0.232,-0.338,0.175,-0.301,0.125,-0.26,0.082,-0.215,0.063,-0.191,0.047,-0.166,0.033,-0.14,0.021,-0.112,0.012,-0.084,0.006,-0.054,0.002,-0.024,0,0.008|0.52,-0.309,0.544,-0.329,0.571,-0.347,0.601,-0.362,0.635,-0.375,0.671,-0.385,0.708,-0.393,0.747,-0.398,0.787,-0.4,0.848,-0.396,0.908,-0.385,0.938,-0.375,0.967,-0.363,0.996,-0.349,1.023,-0.332,1.047,-0.312,1.069,-0.29,1.09,-0.264,1.111,-0.236,1.15,-0.175,1.184,-0.109,1.211,-0.039,1.232,0.031,1.246,0.102,1.252,0.168,1.251,0.201,1.248,0.231,1.242,0.258,1.232,0.283,1.222,0.3,1.209,0.316,1.194,0.332,1.178,0.346,1.138,0.373,1.092,0.395,1.042,0.413,0.988,0.426,0.934,0.433,0.881,0.436,0.832,0.435,0.785,0.428,0.739,0.414,0.693,0.393,0.67,0.378,0.646,0.361,0.623,0.34,0.6,0.316,0.576,0.29,0.554,0.262,0.533,0.233,0.514,0.201,0.496,0.168,0.481,0.134,0.468,0.099,0.457,0.064,0.448,0.027,0.441,-0.015,0.437,-0.059,0.436,-0.107,0.436,-0.132,0.44,-0.157,0.446,-0.182,0.456,-0.208,0.467,-0.233,0.482,-0.258,0.499,-0.283,0.52,-0.309
helsinki 00D3 0,-0,1.283,-0,1.283,-0.48,0,-0.48,0,-0
helsinki 0152 0.18,-1.596,0.243,-1.509,0.296,-1.424,0.341,-1.339,0.377,-1.256,0.404,-1.172,0.424,-1.09,0.436,-1.008,0.439,-0.928,0.437,-0.879,0.433,-0.83,0.427,-0.782,0.418,-0.734,0.408,-0.687,0.395,-0.641,0.38,-0.594,0.363,-0.549,0.323,-0.458,0.277,-0.37,0.226,-0.283,0.168,-0.199,0.168,-0.172,0.52,0.389,0.469,0.378,0.421,0.37,0.377,0.365,0.336,0.363,0.293,0.366,0.253,0.371,0.217,0.378,0.184,0.389,0.153,0.402,0.126,0.417,0.103,0.436,0.082,0.457,0.064,0.481,0.048,0.506,0.035,0.533,0.024,0.562,0.016,0.592,0.011,0.623,0.008,0.657,0.008,0.691,0.01,0.743,0.016,0.795,0.025,0.848,0.039,0.902,0.057,0.958,0.079,1.013,0.103,1.067,0.131,1.121,0.162,1.174,0.196,1.225,0.233,1.275,0.271,1.322,0.313,1.368,0.357,1.411,0.403,1.449,0.451,1.484,0.459,1.469,0.424,1.418,0.394,1.365,0.369,1.309,0.348,1.252,0.331,1.194,0.318,1.136,0.311,1.079,0.309,1.023,0.311,0.959,0.314,0.928,0.32,0.898,0.329,0.869,0.34,0.842,0.353,0.818,0.367,0.795,0.385,0.774,0.404,0.755,0.426,0.739,0.449,0.725,0.476,0.713,0.504,0.704,0.535,0.698,0.568,0.695,0.608,0.697,0.65,0.705,0.696,0.717,0.745,0.734,0.797,0.757,0.852,0.785,0.911,0.818,0.973,0.855,0.988,0.844,0.941,0.796,0.897,0.747,0.856,0.697,0.818,0.646,0.783,0.594,0.751,0.541,0.723,0.487,0.697,0.432,0.674,0.375,0.655,0.319,0.638,0.262,0.624,0.205,0.613,0.147,0.606,0.089,0.601,0.031,0.6,-0.027,0.6,-0.075,0.603,-0.122,0.608,-0.169,0.616,-0.216,0.625,-0.263,0.637,-0.309,0.652,-0.356,0.668,-0.402,0.687,-0.449,0.708,-0.495,0.731,-0.54,0.757,-0.584,0.786,-0.628,0.816,-0.672,0.849,-0.714,0.885,-0.756,0.885,-0.783,0.199,-1.611,0.18,-1.596
helsinki 0153 0,0.115,0.002,0.163,0.009,0.207,0.02,0.249,0.035,0.287,0.055,0.324,0.079,0.357,0.106,0.387,0.137,0.414,0.171,0.438,0.208,0.458,0.247,0.476,0.289,0.49,0.334,0.502,0.381,0.51,0.43,0.515,0.48,0.516,0.547,0.513,0.613,0.503,0.68,0.488,0.746,0.467,0.812,0.44,0.875,0.408,0.934,0.372,0.99,0.33,1.043,0.284,1.091,0.234,1.133,0.182,1.17,0.127,1.186,0.098,1.2,0.069,1.212,0.04,1.222,0.01,1.229,-0.021,1.235,-0.052,1.239,-0.083,1.24,-0.115,1.237,-0.161,1.229,-0.204,1.218,-0.244,1.201,-0.281,1.18,-0.317,1.156,-0.35,1.128,-0.379,1.098,-0.406,1.063,-0.43,1.026,-0.451,0.987,-0.468,0.945,-0.482,0.9,-0.494,0.852,-0.503,0.799,-0.508,0.742,-0.51,0.682,-0.507,0.619,-0.497,0.555,-0.481,0.488,-0.459,0.422,-0.431,0.36,-0.398,0.3,-0.361,0.244,-0.32,0.191,-0.276,0.144,-0.228,0.102,-0.177,0.066,-0.123,0.051,-0.095,0.037,-0.066,0.026,-0.036,0.017,-0.007,0.009,0.023,0.004,0.053,0.001,0.084,0,0.115
helsinki 02D9 0.391,-0.389,0.325,-0.345,0.256,-0.293,0.188,-0.231,0.123,-0.164,0.093,-0.127,0.067,-0.089,0.044,-0.05,0.023,-0.01,0.007,0.032,-0.004,0.074,-0.011,0.117,-0.014,0.16,-0.012,0.212,-0.002,0.264,0.007,0.291,0.021,0.321,0.038,0.353,0.061,0.387,0.087,0.42,0.118,0.449,0.152,0.474,0.191,0.494,0.235,0.511,0.283,0.523,0.335,0.53,0.391,0.531,0.449,0.527,0.51,0.518,0.572,0.503,0.637,0.482,0.7,0.457,0.758,0.43,0.812,0.401,0.861,0.371,0.908,0.339,0.951,0.307,0.991,0.274,1.028,0.24,1.062,0.206,1.092,0.172,1.12,0.137,1.145,0.102,1.167,0.066,1.186,0.03,1.202,-0.005,1.215,-0.04,1.225,-0.075,1.232,-0.109,1.237,-0.142,1.238,-0.176,1.235,-0.223,1.226,-0.268,1.212,-0.309,1.193,-0.348,1.166,-0.386,1.133,-0.42,1.095,-0.45,1.051,-0.477,1.026,-0.488,0.999,-0.498,0.938,-0.514,0.869,-0.523,0.791,-0.527,0.749,-0.526,0.704,-0.519,0.658,-0.509,0.609,-0.494,0.558,-0.474,0.504,-0.45,0.449,-0.422,0.391,-0.389|0.506,-0.199,0.557,-0.23,0.611,-0.259,0.666,-0.286,0.723,-0.313,0.779,-0.335,0.834,-0.352,0.887,-0.362,0.938,-0.367,0.963,-0.366,0.986,-0.363,1.007,-0.356,1.027,-0.347,1.046,-0.335,1.062,-0.321,1.077,-0.303,1.09,-0.283,1.1,-0.261,1.107,-0.238,1.112,-0.214,1.113,-0.189,1.11,-0.164,1.104,-0.139,1.094,-0.113,1.08,-0.088,1.062,-0.063,1.042,-0.038,0.994,0.012,0.937,0.06,0.875,0.105,0.805,0.153,0.723,0.205,0.677,0.233,0.626,0.261,0.571,0.288,0.512,0.314,0.451,0.339,0.393,0.356,0.337,0.367,0.285,0.371,0.263,0.37,0.242,0.368,0.223,0.363,0.206,0.355,0.189,0.346,0.175,0.334,0.162,0.321,0.15,0.305,0.143,0.288,0.137,0.27,0.134,0.25,0.133,0.229,0.136,0.205,0.142,0.18,0.152,0.153,0.166,0.125,0.183,0.095,0.203,0.065,0.225,0.035,0.25,0.006,0.307,-0.051,0.369,-0.104,0.437,-0.154,0.506,-0.199
helsinki 2030 1.133,-0.557,0.992,-0.508,0.908,-0.479,0.818,-0.451,0.728,-0.426,0.645,-0.406,0.57,-0.393,0.512,-0.389,0.485,-0.39,0.476,-0.392,0.469,-0.396,0.496,-0.457,0.516,-0.513,0.527,-0.563,0.531,-0.607,0.529,-0.632,0.525,-0.656,0.52,-0.677,0.512,-0.697,0.502,-0.715,0.49,-0.732,0.477,-0.747,0.461,-0.76,0.426,-0.781,0.389,-0.796,0.348,-0.806,0.305,-0.809,0.249,-0.805,0.222,-0.8,0.195,-0.793,0.143,-0.773,0.096,-0.748,0.074,-0.734,0.056,-0.718,0.039,-0.7,0.025,-0.682,0.014,-0.659,0.006,-0.633,0.002,-0.604,0,-0.57,0.002,-0.536,0.008,-0.503,0.019,-0.471,0.033,-0.441,0.052,-0.414,0.074,-0.389,0.099,-0.367,0.127,-0.348,0.158,-0.331,0.191,-0.316,0.225,-0.305,0.262,-0.297,0.3,-0.29,0.34,-0.286,0.381,-0.283,0.424,-0.283,0.495,-0.285,0.566,-0.289,0.637,-0.298,0.705,-0.311,0.771,-0.327,0.83,-0.344,0.885,-0.362,0.932,-0.381,0.32,0.996,0.439,0.996,1.133,-0.557
helsinki 2211 0,-0.52,1.283,-0.52,1.283,-1,0,-1,0,-0.52
leland E062 1.016,-1.004,0.959,-1.001,0.904,-0.996,0.852,-0.987,0.801,-0.975,0.706,-0.944,0.625,-0.912,0.558,-0.881,0.508,-0.854,0.465,-0.828,0.422,-0.795,0.383,-0.761,0.347,-0.727,0.314,-0.693,0.255,-0.624,0.23,-0.589,0.207,-0.555,0.168,-0.488,0.139,-0.424,0.117,-0.365,0.104,-0.313,0.091,-0.256,0.082,-0.198,0.076,-0.139,0.074,-0.078,0.078,-0.016,0.088,0.044,0.105,0.103,0.129,0.16,0.148,0.2,0.171,0.237,0.198,0.27,0.229,0.299,0.263,0.325,0.302,0.349,0.344,0.368,0.389,0.385,0.425,0.395,0.462,0.402,0.5,0.407,0.539,0.408,0.605,0.404,0.67,0.393,0.704,0.382,0.738,0.369,0.774,0.352,0.811,0.332,0.847,0.307,0.881,0.275,0.912,0.237,0.939,0.191,0.964,0.141,0.981,0.088,0.992,0.032,0.996,-0.027,0.992,-0.079,0.982,-0.129,0.966,-0.177,0.943,-0.223,0.916,-0.266,0.883,-0.305,0.846,-0.34,0.805,-0.371,0.773,-0.389,0.742,-0.404,0.711,-0.417,0.682,-0.426,0.651,-0.433,0.621,-0.439,0.591,-0.442,0.561,-0.443,0.53,-0.441,0.5,-0.438,0.471,-0.432,0.443,-0.424,0.41,-0.407,0.371,-0.385,0.333,-0.361,0.305,-0.34,0.31,-0.369,0.318,-0.4,0.342,-0.469,0.373,-0.538,0.39,-0.568,0.408,-0.596,0.447,-0.644,0.496,-0.693,0.525,-0.719,0.554,-0.741,0.584,-0.761,0.615,-0.779,0.649,-0.796,0.687,-0.811,0.728,-0.823,0.773,-0.834,0.822,-0.843,0.872,-0.85,0.924,-0.854,0.977,-0.855,1.05,-0.852,1.085,-0.847,1.119,-0.84,1.152,-0.831,1.183,-0.821,1.214,-0.808,1.243,-0.793,1.271,-0.777,1.297,-0.759,1.323,-0.738,1.347,-0.716,1.37,-0.692,1.392,-0.666,1.412,-0.637,1.432,-0.607,1.467,-0.541,1.498,-0.467,1.524,-0.384,1.546,-0.294,1.563,-0.197,1.574,-0.091,1.582,0.023,1.584,0.145,1.582,0.214,1.577,0.284,1.569,0.352,1.559,0.42,1.532,0.552,1.516,0.615,1.498,0.678,1.458,0.798,1.414,0.91,1.368,1.014,1.324,1.107,1.271,1.207,1.216,1.303,1.159,1.395,1.1,1.482,1.037,1.566,0.973,1.644,0.906,1.716,0.838,1.781,0.768,1.843,0.698,1.903,0.628,1.96,0.557,2.014,0.419,2.111,0.356,2.153,0.297,2.189,0.194,2.249,0.117,2.291,0.049,2.326,0.045,2.326,0.039,2.33,0.018,2.352,0.011,2.36,0.005,2.371,0.002,2.384,0,2.4,0.006,2.43,0.01,2.44,0.016,2.448,0.023,2.455,0.033,2.461,0.056,2.468,0.076,2.469,0.084,2.469,0.094,2.467,0.172,2.434,0.26,2.393,0.371,2.338,0.499,2.27,0.637,2.189,0.708,2.144,0.779,2.096,0.849,2.046,0.92,1.992,0.996,1.936,1.069,1.879,1.141,1.82,1.21,1.761,1.278,1.7,1.344,1.638,1.407,1.576,1.469,1.512,1.572,1.392,1.668,1.271,1.756,1.146,1.836,1.02,1.898,0.907,1.952,0.795,1.998,0.683,2.037,0.57,2.069,0.459,2.081,0.405,2.092,0.351,2.1,0.297,2.106,0.244,2.11,0.192,2.111,0.141,2.107,0.019,2.101,-0.039,2.094,-0.096,2.085,-0.152,2.074,-0.206,2.062,-0.259,2.047,-0.311,2.03,-0.361,2.011,-0.41,1.99,-0.456,1.968,-0.501,1.943,-0.545,1.917,-0.586,1.889,-0.626,1.859,-0.664,1.823,-0.705,1.784,-0.743,1.743,-0.779,1.7,-0.812,1.655,-0.842,1.608,-0.87,1.558,-0.895,1.507,-0.918,1.453,-0.938,1.397,-0.955,1.339,-0.97,1.279,-0.982,1.216,-0.991,1.151,-0.998,1.085,-1.002,1.016,-1.004|2.271,-0.496,2.276,-0.454,2.287,-0.417,2.304,-0.383,2.328,-0.354,2.357,-0.329,2.39,-0.312,2.426,-0.301,2.465,-0.297,2.502,-0.301,2.537,-0.312,2.569,-0.329,2.598,-0.354,2.622,-0.383,2.64,-0.417,2.651,-0.454,2.656,-0.496,2.651,-0.536,2.64,-0.573,2.622,-0.607,2.598,-0.637,2.569,-0.663,2.537,-0.682,2.502,-0.694,2.465,-0.699,2.426,-0.694,2.39,-0.682,2.357,-0.664,2.328,-0.639,2.304,-0.608,2.287,-0.574,2.276,-0.536,2.271,-0.496,2.271,-0.496|2.271,0.492,2.276,0.534,2.287,0.572,2.304,0.606,2.328,0.637,2.357,0.662,2.373,0.672,2.39,0.681,2.407,0.687,2.426,0.692,2.465,0.695,2.502,0.692,2.537,0.681,2.569,0.663,2.598,0.639,2.622,0.608,2.64,0.573,2.651,0.534,2.656,0.492,2.651,0.452,2.64,0.415,2.622,0.38,2.598,0.35,2.569,0.323,2.537,0.304,2.502,0.292,2.465,0.287,2.426,0.292,2.39,0.303,2.357,0.322,2.328,0.348,2.304,0.379,2.287,0.414,2.276,0.452,2.271,0.492
leland E082 1.367,0.156,1.332,0.254,1.306,0.316,1.273,0.379,1.255,0.41,1.234,0.438,1.211,0.464,1.186,0.486,1.157,0.505,1.125,0.519,1.089,0.527,1.049,0.529,1.007,0.529,0.968,0.525,0.931,0.518,0.896,0.508,0.832,0.483,0.775,0.455,0.72,0.425,0.662,0.398,0.632,0.387,0.599,0.379,0.564,0.374,0.527,0.371,0.479,0.375,0.424,0.385,0.443,0.361,0.475,0.332,0.523,0.295,0.555,0.273,0.593,0.25,0.684,0.203,0.739,0.178,0.801,0.152,0.871,0.126,0.947,0.1,1.022,0.075,1.09,0.049,1.152,0.022,1.207,-0.008,1.256,-0.04,1.3,-0.073,1.338,-0.108,1.371,-0.145,1.399,-0.182,1.422,-0.221,1.441,-0.261,1.455,-0.303,1.466,-0.346,1.474,-0.39,1.479,-0.435,1.48,-0.48,1.479,-0.513,1.475,-0.548,1.467,-0.586,1.457,-0.627,1.443,-0.669,1.422,-0.71,1.397,-0.751,1.365,-0.791,1.347,-0.811,1.326,-0.829,1.279,-0.864,1.224,-0.896,1.16,-0.924,1.125,-0.937,1.086,-0.948,1.046,-0.957,1.002,-0.965,0.907,-0.976,0.801,-0.98,0.692,-0.976,0.642,-0.971,0.594,-0.964,0.549,-0.956,0.507,-0.946,0.468,-0.934,0.432,-0.92,0.365,-0.888,0.306,-0.853,0.255,-0.815,0.233,-0.795,0.213,-0.773,0.178,-0.729,0.149,-0.685,0.126,-0.639,0.109,-0.594,0.098,-0.548,0.089,-0.506,0.085,-0.467,0.084,-0.432,0.085,-0.401,0.089,-0.372,0.094,-0.345,0.101,-0.321,0.11,-0.298,0.121,-0.277,0.134,-0.259,0.148,-0.242,0.18,-0.213,0.21,-0.189,0.239,-0.171,0.266,-0.158,0.294,-0.149,0.323,-0.142,0.353,-0.138,0.385,-0.137,0.415,-0.138,0.445,-0.143,0.472,-0.149,0.499,-0.159,0.524,-0.17,0.548,-0.185,0.571,-0.201,0.592,-0.221,0.612,-0.242,0.629,-0.265,0.644,-0.29,0.656,-0.315,0.665,-0.342,0.673,-0.371,0.677,-0.401,0.68,-0.432,0.675,-0.474,0.664,-0.516,0.647,-0.556,0.625,-0.596,0.597,-0.632,0.566,-0.663,0.533,-0.688,0.496,-0.707,0.485,-0.712,0.477,-0.723,0.471,-0.737,0.469,-0.752,0.469,-0.761,0.472,-0.77,0.484,-0.787,0.496,-0.797,0.513,-0.806,0.561,-0.824,0.58,-0.83,0.611,-0.836,0.651,-0.841,0.695,-0.844,0.737,-0.841,0.781,-0.834,0.804,-0.827,0.826,-0.818,0.871,-0.793,0.892,-0.776,0.911,-0.754,0.927,-0.728,0.941,-0.697,0.953,-0.66,0.962,-0.615,0.967,-0.561,0.969,-0.5,0.966,-0.456,0.961,-0.415,0.954,-0.375,0.943,-0.338,0.928,-0.3,0.908,-0.26,0.883,-0.219,0.854,-0.176,0.816,-0.131,0.771,-0.085,0.719,-0.04,0.658,0.006,0.432,0.172,0.343,0.241,0.277,0.299,0.25,0.326,0.225,0.354,0.201,0.385,0.18,0.416,0.16,0.447,0.14,0.482,0.117,0.527,0.096,0.581,0.078,0.639,0.07,0.67,0.065,0.703,0.062,0.737,0.061,0.771,0.064,0.837,0.068,0.863,0.074,0.885,0.09,0.92,0.099,0.934,0.109,0.945,0.133,0.962,0.146,0.968,0.158,0.971,0.186,0.974,0.217,0.975,0.235,0.972,0.253,0.965,0.272,0.954,0.291,0.939,0.309,0.921,0.323,0.899,0.332,0.875,0.336,0.848,0.333,0.824,0.324,0.797,0.31,0.757,0.3,0.722,0.294,0.691,0.293,0.664,0.293,0.629,0.297,0.62,0.303,0.61,0.326,0.59,0.344,0.579,0.366,0.572,0.394,0.567,0.428,0.564,0.448,0.567,0.466,0.571,0.484,0.578,0.5,0.588,0.53,0.614,0.557,0.646,0.583,0.685,0.607,0.725,0.632,0.766,0.66,0.805,0.688,0.843,0.72,0.877,0.755,0.906,0.793,0.93,0.835,0.948,0.879,0.962,0.925,0.97,0.973,0.973,0.996,0.973,1.021,0.97,1.072,0.959,1.125,0.939,1.176,0.912,1.225,0.876,1.27,0.836,1.29,0.813,1.31,0.788,1.327,0.761,1.344,0.732,1.37,0.672,1.396,0.602,1.424,0.522,1.449,0.441,1.472,0.362,1.49,0.289,1.503,0.226,1.508,0.176,1.506,0.158,1.501,0.143,1.495,0.13,1.486,0.119,1.476,0.111,1.463,0.104,1.448,0.101,1.432,0.1,1.414,0.102,1.397,0.113,1.381,0.131,1.367,0.156
leland E083 1.07,-0.064,1.126,-0.087,1.175,-0.111,1.219,-0.138,1.256,-0.166,1.288,-0.195,1.315,-0.225,1.338,-0.254,1.355,-0.283,1.383,-0.339,1.392,-0.365,1.398,-0.389,1.407,-0.433,1.41,-0.469,1.41,-0.486,1.406,-0.518,1.395,-0.576,1.384,-0.614,1.367,-0.654,1.344,-0.698,1.314,-0.742,1.277,-0.786,1.23,-0.828,1.204,-0.849,1.174,-0.868,1.142,-0.886,1.107,-0.902,1.069,-0.918,1.027,-0.932,0.983,-0.944,0.936,-0.955,0.885,-0.964,0.831,-0.97,0.773,-0.974,0.711,-0.977,0.647,-0.974,0.587,-0.97,0.531,-0.964,0.48,-0.955,0.433,-0.943,0.39,-0.93,0.349,-0.915,0.313,-0.898,0.279,-0.88,0.248,-0.86,0.22,-0.839,0.195,-0.818,0.171,-0.794,0.147,-0.768,0.124,-0.738,0.102,-0.705,0.081,-0.67,0.066,-0.634,0.055,-0.599,0.049,-0.563,0.042,-0.508,0.043,-0.488,0.047,-0.488,0.043,-0.48,0.045,-0.453,0.048,-0.427,0.054,-0.403,0.063,-0.379,0.073,-0.357,0.085,-0.337,0.1,-0.317,0.117,-0.299,0.136,-0.282,0.156,-0.267,0.177,-0.255,0.2,-0.244,0.224,-0.236,0.249,-0.23,0.275,-0.226,0.303,-0.225,0.329,-0.226,0.355,-0.23,0.379,-0.236,0.402,-0.244,0.424,-0.254,0.445,-0.266,0.464,-0.28,0.482,-0.297,0.499,-0.316,0.514,-0.335,0.527,-0.357,0.538,-0.379,0.546,-0.402,0.552,-0.427,0.557,-0.453,0.559,-0.48,0.553,-0.522,0.542,-0.563,0.524,-0.601,0.5,-0.637,0.47,-0.669,0.437,-0.696,0.4,-0.717,0.359,-0.732,0.371,-0.744,0.415,-0.769,0.465,-0.787,0.492,-0.795,0.52,-0.8,0.548,-0.804,0.578,-0.805,0.609,-0.803,0.64,-0.798,0.671,-0.792,0.701,-0.783,0.731,-0.772,0.759,-0.759,0.786,-0.743,0.813,-0.725,0.837,-0.704,0.858,-0.681,0.877,-0.655,0.893,-0.627,0.906,-0.595,0.916,-0.56,0.922,-0.521,0.924,-0.479,0.922,-0.437,0.917,-0.398,0.907,-0.364,0.895,-0.334,0.879,-0.306,0.862,-0.282,0.844,-0.261,0.824,-0.244,0.783,-0.218,0.763,-0.209,0.744,-0.203,0.712,-0.194,0.689,-0.189,0.625,-0.184,0.577,-0.179,0.527,-0.176,0.432,-0.17,0.369,-0.166,0.352,-0.164,0.34,-0.156,0.33,-0.145,0.322,-0.131,0.318,-0.117,0.318,-0.111,0.318,-0.031,0.319,-0.023,0.326,-0.008,0.333,0.001,0.344,0.008,0.358,0.013,0.377,0.016,0.49,0.023,0.571,0.03,0.674,0.043,0.702,0.048,0.728,0.056,0.753,0.066,0.777,0.079,0.799,0.095,0.819,0.113,0.838,0.133,0.855,0.156,0.872,0.183,0.885,0.213,0.897,0.246,0.907,0.283,0.915,0.323,0.921,0.367,0.924,0.414,0.926,0.465,0.923,0.514,0.917,0.559,0.907,0.599,0.895,0.635,0.878,0.666,0.858,0.694,0.837,0.718,0.813,0.738,0.786,0.755,0.759,0.77,0.731,0.782,0.701,0.791,0.67,0.798,0.637,0.803,0.603,0.806,0.566,0.807,0.529,0.805,0.492,0.8,0.457,0.794,0.422,0.785,0.389,0.775,0.361,0.764,0.337,0.753,0.318,0.74,0.343,0.737,0.367,0.732,0.39,0.725,0.411,0.716,0.432,0.705,0.451,0.692,0.469,0.677,0.486,0.66,0.502,0.642,0.516,0.622,0.529,0.602,0.539,0.58,0.547,0.558,0.553,0.534,0.557,0.51,0.559,0.484,0.557,0.458,0.552,0.432,0.546,0.408,0.538,0.384,0.528,0.362,0.515,0.341,0.501,0.321,0.484,0.303,0.466,0.285,0.446,0.27,0.425,0.257,0.403,0.246,0.38,0.237,0.355,0.231,0.329,0.227,0.303,0.225,0.275,0.227,0.249,0.231,0.224,0.237,0.2,0.246,0.177,0.256,0.156,0.269,0.136,0.284,0.117,0.301,0.1,0.32,0.085,0.34,0.073,0.361,0.063,0.384,0.054,0.407,0.048,0.432,0.045,0.458,0.043,0.484,0.043,0.504,0.042,0.526,0.045,0.557,0.052,0.594,0.064,0.637,0.084,0.683,0.111,0.73,0.129,0.755,0.149,0.779,0.172,0.804,0.199,0.828,0.227,0.855,0.256,0.878,0.286,0.898,0.316,0.914,0.379,0.939,0.439,0.957,0.498,0.969,0.551,0.975,0.599,0.977,0.639,0.977,0.711,0.976,0.782,0.971,0.852,0.963,0.922,0.951,0.991,0.934,1.056,0.914,1.119,0.889,1.178,0.859,1.206,0.843,1.233,0.824,1.259,0.804,1.283,0.783,1.305,0.76,1.326,0.736,1.345,0.711,1.363,0.684,1.38,0.655,1.394,0.625,1.407,0.593,1.417,0.559,1.425,0.524,1.431,0.487,1.435,0.448,1.438,0.408,1.435,0.356,1.428,0.308,1.417,0.262,1.402,0.221,1.384,0.182,1.363,0.147,1.34,0.115,1.314,0.086,1.286,0.059,1.257,0.035,1.226,0.013,1.193,-0.006,1.127,-0.038,1.063,-0.064,1.07,-0.064
leland E084 0.834,0.508,0.834,0.805,0.502,0.805,0.48,0.81,0.463,0.82,0.455,0.829,0.45,0.838,0.446,0.848,0.445,0.859,0.445,0.936,0.446,0.948,0.449,0.959,0.454,0.969,0.461,0.977,0.47,0.983,0.48,0.988,0.491,0.991,0.502,0.992,1.715,0.992,1.736,0.989,1.745,0.984,1.752,0.979,1.759,0.97,1.764,0.96,1.77,0.936,1.77,0.859,1.765,0.838,1.754,0.822,1.736,0.81,1.715,0.805,1.354,0.805,1.354,0.508,1.715,0.508,1.726,0.507,1.736,0.504,1.745,0.499,1.752,0.492,1.759,0.483,1.764,0.472,1.77,0.447,1.77,0.371,1.765,0.353,1.754,0.336,1.746,0.328,1.736,0.322,1.726,0.318,1.715,0.316,1.354,0.316,1.354,-0.32,1.351,-0.337,1.346,-0.352,1.337,-0.363,1.326,-0.371,1.277,-0.396,1.262,-0.4,1.242,-0.4,1.229,-0.397,1.215,-0.389,0.85,-0.057,0.842,-0.047,0.837,-0.036,0.834,-0.024,0.834,-0.012,0.834,0.316,0.369,0.316,0.443,0.234,0.533,0.134,0.648,-0,0.788,-0.165,0.943,-0.354,1.112,-0.566,1.289,-0.797,1.299,-0.811,1.306,-0.826,1.31,-0.84,1.311,-0.854,1.306,-0.878,1.299,-0.893,1.209,-0.98,1.19,-0.991,1.17,-0.996,1.137,-0.996,1.068,-0.996,0.977,-0.996,0.873,-0.996,0.768,-0.996,0.676,-0.996,0.607,-0.996,0.566,-0.996,0.551,-0.991,0.537,-0.98,0.526,-0.964,0.521,-0.947,0.516,-0.895,0.496,-0.756,0.48,-0.664,0.459,-0.559,0.432,-0.445,0.398,-0.328,0.357,-0.212,0.316,-0.106,0.274,-0.011,0.232,0.074,0.191,0.152,0.15,0.223,0.11,0.287,0.07,0.344,0.064,0.357,0.06,0.371,0.059,0.385,0.059,0.401,0.064,0.418,0.086,0.459,0.1,0.484,0.107,0.496,0.114,0.501,0.122,0.505,0.146,0.508,0.834,0.508
leland E0A2 0.75,-0.545,0.65,-0.541,0.558,-0.532,0.474,-0.517,0.398,-0.496,0.33,-0.47,0.269,-0.44,0.215,-0.406,0.168,-0.369,0.127,-0.328,0.092,-0.286,0.064,-0.241,0.041,-0.195,0.023,-0.147,0.011,-0.1,0.004,-0.052,0.002,-0.004,0.004,0.047,0.01,0.096,0.022,0.145,0.039,0.193,0.062,0.24,0.091,0.284,0.126,0.326,0.166,0.365,0.213,0.402,0.268,0.435,0.329,0.464,0.396,0.488,0.473,0.509,0.557,0.523,0.65,0.532,0.75,0.535,0.848,0.532,0.938,0.524,1.021,0.51,1.096,0.49,1.164,0.465,1.226,0.436,1.28,0.403,1.326,0.367,1.367,0.327,1.402,0.285,1.431,0.24,1.453,0.193,1.471,0.145,1.484,0.096,1.492,0.047,1.494,-0.004,1.492,-0.052,1.484,-0.099,1.472,-0.146,1.455,-0.193,1.432,-0.24,1.403,-0.285,1.368,-0.327,1.328,-0.367,1.281,-0.405,1.227,-0.439,1.166,-0.469,1.098,-0.494,1.022,-0.516,0.938,-0.531,0.848,-0.541,0.75,-0.545|0.953,0.385,0.914,0.395,0.871,0.402,0.825,0.407,0.781,0.408,0.74,0.407,0.702,0.402,0.668,0.394,0.637,0.381,0.609,0.363,0.583,0.34,0.561,0.311,0.541,0.275,0.52,0.234,0.498,0.18,0.477,0.117,0.457,0.051,0.439,-0.016,0.426,-0.08,0.417,-0.144,0.412,-0.205,0.412,-0.235,0.417,-0.264,0.425,-0.291,0.438,-0.316,0.455,-0.339,0.478,-0.36,0.507,-0.378,0.541,-0.393,0.579,-0.403,0.621,-0.41,0.672,-0.415,0.73,-0.416,0.762,-0.415,0.793,-0.411,0.824,-0.402,0.854,-0.391,0.882,-0.374,0.908,-0.35,0.932,-0.32,0.953,-0.283,0.973,-0.235,0.994,-0.178,1.035,-0.045,1.053,0.021,1.066,0.084,1.077,0.138,1.082,0.18,1.08,0.218,1.075,0.253,1.066,0.284,1.053,0.313,1.036,0.337,1.013,0.357,0.986,0.373,0.953,0.385
leland E0A3 0.854,-0.527,0.779,-0.523,0.705,-0.512,0.631,-0.495,0.557,-0.471,0.483,-0.44,0.413,-0.404,0.345,-0.363,0.281,-0.316,0.222,-0.266,0.168,-0.212,0.121,-0.156,0.08,-0.096,0.062,-0.064,0.046,-0.032,0.032,-0,0.021,0.033,0.013,0.066,0.007,0.099,0.003,0.134,0.002,0.168,0.003,0.201,0.006,0.234,0.013,0.266,0.023,0.299,0.038,0.33,0.056,0.36,0.077,0.389,0.102,0.416,0.13,0.442,0.163,0.464,0.199,0.484,0.24,0.5,0.286,0.514,0.335,0.523,0.39,0.529,0.449,0.531,0.526,0.528,0.603,0.517,0.678,0.499,0.754,0.475,0.828,0.444,0.899,0.408,0.966,0.367,1.029,0.32,1.088,0.27,1.14,0.216,1.186,0.16,1.227,0.1,1.244,0.068,1.259,0.036,1.272,0.004,1.283,-0.028,1.291,-0.06,1.297,-0.093,1.301,-0.127,1.303,-0.16,1.3,-0.202,1.292,-0.242,1.281,-0.279,1.266,-0.314,1.246,-0.348,1.224,-0.379,1.199,-0.407,1.17,-0.432,1.137,-0.454,1.103,-0.473,1.065,-0.489,1.025,-0.502,0.984,-0.512,0.941,-0.52,0.898,-0.525,0.854,-0.527|0.746,0.176,0.689,0.207,0.57,0.264,0.498,0.294,0.426,0.32,0.391,0.331,0.359,0.338,0.329,0.342,0.303,0.344,0.279,0.343,0.257,0.34,0.238,0.335,0.221,0.328,0.192,0.311,0.181,0.3,0.172,0.289,0.157,0.264,0.148,0.24,0.143,0.218,0.143,0.199,0.147,0.169,0.159,0.138,0.177,0.106,0.203,0.074,0.234,0.043,0.268,0.013,0.304,-0.016,0.342,-0.043,0.417,-0.093,0.482,-0.133,0.532,-0.16,0.555,-0.17,0.611,-0.197,0.729,-0.254,0.799,-0.285,0.871,-0.313,0.907,-0.324,0.941,-0.332,0.975,-0.336,1.008,-0.338,1.039,-0.335,1.067,-0.328,1.092,-0.316,1.115,-0.299,1.135,-0.278,1.149,-0.253,1.158,-0.226,1.162,-0.195,1.157,-0.162,1.144,-0.129,1.124,-0.097,1.098,-0.064,1.036,-0.006,1.006,0.018,0.977,0.039,0.881,0.104,0.814,0.143,0.766,0.166,0.746,0.176
leland E0A4 0.002,0.168,0.003,0.201,0.006,0.234,0.013,0.266,0.023,0.299,0.038,0.33,0.056,0.36,0.077,0.389,0.102,0.416,0.13,0.442,0.163,0.464,0.199,0.484,0.24,0.5,0.286,0.514,0.335,0.523,0.39,0.529,0.449,0.531,0.526,0.528,0.603,0.517,0.678,0.499,0.754,0.475,0.828,0.444,0.899,0.408,0.966,0.367,1.029,0.32,1.088,0.27,1.14,0.216,1.186,0.16,1.227,0.1,1.244,0.068,1.259,0.036,1.272,0.004,1.283,-0.028,1.291,-0.06,1.297,-0.093,1.301,-0.127,1.303,-0.16,1.3,-0.202,1.292,-0.242,1.281,-0.279,1.266,-0.314,1.246,-0.348,1.224,-0.379,1.199,-0.407,1.17,-0.432,1.137,-0.454,1.103,-0.473,1.065,-0.489,1.025,-0.502,0.982,-0.512,0.934,-0.52,0.881,-0.524,0.824,-0.525,0.763,-0.522,0.698,-0.512,0.629,-0.495,0.557,-0.471,0.483,-0.44,0.413,-0.404,0.345,-0.363,0.281,-0.316,0.222,-0.265,0.168,-0.211,0.121,-0.154,0.08,-0.094,0.062,-0.062,0.046,-0.031,0.032,0.002,0.021,0.034,0.013,0.067,0.007,0.1,0.003,0.134,0.002,0.168
leland E1E7 0,-0,0.004,0.042,0.015,0.08,0.033,0.113,0.057,0.143,0.086,0.167,0.12,0.184,0.157,0.195,0.199,0.199,0.24,0.195,0.277,0.184,0.311,0.167,0.34,0.143,0.365,0.113,0.383,0.08,0.395,0.042,0.4,-0,0.395,-0.04,0.384,-0.077,0.366,-0.109,0.342,-0.139,0.312,-0.164,0.278,-0.182,0.24,-0.194,0.199,-0.199,0.157,-0.194,0.12,-0.183,0.086,-0.165,0.057,-0.141,0.033,-0.111,0.015,-0.077,0.004,-0.04,0,-0
leland E240 0.141,0.141,0.136,0.133,0.131,0.115,0.115,0.063,0.104,0.01,0.1,-0.02,0.092,-0.029,0.08,-0.037,0.066,-0.045,0.053,-0.049,0.041,-0.047,0.03,-0.043,0.021,-0.038,0.014,-0.031,0.003,-0.015,0,0.004,0,0.66,0,0.908,0.002,0.922,0.008,0.934,0.019,0.944,0.031,0.951,0.063,0.964,0.1,0.98,0.184,1.025,0.231,1.054,0.28,1.087,0.331,1.124,0.383,1.166,0.437,1.212,0.49,1.263,0.544,1.319,0.598,1.379,0.652,1.445,0.705,1.515,0.757,1.589,0.809,1.668,0.865,1.773,0.896,1.836,0.926,1.906,0.941,1.945,0.954,1.986,0.965,2.03,0.975,2.076,0.983,2.127,0.99,2.18,0.994,2.237,0.996,2.297,0.993,2.406,0.987,2.516,0.978,2.626,0.965,2.736,0.948,2.847,0.928,2.956,0.906,3.063,0.881,3.168,0.871,3.202,0.867,3.23,0.869,3.242,0.875,3.252,0.886,3.261,0.9,3.268,0.914,3.272,0.927,3.272,0.938,3.269,0.947,3.262,0.963,3.241,0.977,3.213,1.023,3.082,1.063,2.951,1.094,2.82,1.117,2.693,1.134,2.57,1.145,2.453,1.152,2.344,1.156,2.244,1.156,2.168,1.148,2.073,1.135,1.982,1.118,1.896,1.096,1.813,1.071,1.733,1.044,1.66,1.017,1.592,0.988,1.529,0.934,1.422,0.887,1.342,0.84,1.271,0.783,1.195,0.645,1.008,0.484,0.789,0.415,0.69,0.363,0.611,0.311,0.528,0.266,0.447,0.227,0.37,0.195,0.301,0.171,0.24,0.154,0.191,0.143,0.157,0.141,0.141
leland E241 0.002,-0.004,0.005,0.017,0.01,0.026,0.016,0.033,0.023,0.04,0.032,0.045,0.043,0.048,0.055,0.049,0.068,0.046,0.082,0.039,0.094,0.028,0.102,0.016,0.105,-0.006,0.117,-0.057,0.131,-0.109,0.141,-0.143,0.18,-0.258,0.203,-0.315,0.236,-0.382,0.277,-0.459,0.326,-0.545,0.388,-0.637,0.455,-0.725,0.527,-0.812,0.604,-0.896,0.764,-1.074,0.844,-1.169,0.922,-1.271,0.991,-1.375,1.053,-1.479,1.082,-1.534,1.112,-1.597,1.143,-1.667,1.174,-1.744,1.189,-1.786,1.201,-1.831,1.212,-1.88,1.221,-1.931,1.228,-1.986,1.234,-2.043,1.237,-2.104,1.238,-2.168,1.237,-2.234,1.234,-2.299,1.228,-2.364,1.221,-2.428,1.211,-2.492,1.199,-2.556,1.184,-2.62,1.168,-2.684,1.126,-2.812,1.076,-2.943,1.014,-3.081,0.941,-3.225,0.93,-3.243,0.916,-3.256,0.9,-3.264,0.883,-3.268,0.87,-3.267,0.861,-3.264,0.849,-3.256,0.84,-3.246,0.835,-3.233,0.834,-3.217,0.837,-3.193,0.846,-3.168,0.9,-3.034,0.945,-2.914,0.984,-2.803,1.014,-2.699,1.038,-2.599,1.055,-2.5,1.065,-2.399,1.07,-2.297,1.068,-2.235,1.064,-2.178,1.059,-2.124,1.051,-2.074,1.029,-1.982,1.016,-1.941,1.002,-1.902,0.971,-1.833,0.939,-1.771,0.883,-1.668,0.831,-1.587,0.777,-1.511,0.721,-1.44,0.662,-1.375,0.602,-1.314,0.541,-1.258,0.48,-1.208,0.42,-1.162,0.361,-1.12,0.304,-1.083,0.249,-1.051,0.197,-1.023,0.105,-0.979,0.067,-0.963,0.033,-0.951,0.016,-0.941,0.006,-0.93,0.002,-0.917,0.002,-0.908,0.002,-0.004
leland E243 0.148,-0.961,0.158,-1.016,0.165,-1.047,0.178,-1.088,0.197,-1.137,0.223,-1.189,0.239,-1.217,0.258,-1.246,0.307,-1.305,0.337,-1.336,0.371,-1.369,0.451,-1.436,0.627,-1.574,0.716,-1.649,0.803,-1.725,0.884,-1.802,0.957,-1.879,0.99,-1.918,1.019,-1.956,1.045,-1.994,1.068,-2.031,1.062,-1.921,1.05,-1.82,1.032,-1.729,1.01,-1.648,0.982,-1.575,0.951,-1.508,0.917,-1.449,0.881,-1.396,0.834,-1.341,0.786,-1.292,0.738,-1.247,0.689,-1.207,0.64,-1.171,0.591,-1.138,0.542,-1.108,0.494,-1.082,0.399,-1.039,0.353,-1.021,0.309,-1.006,0.224,-0.98,0.148,-0.961|0,0.039,0.001,0.052,0.004,0.064,0.009,0.075,0.016,0.084,0.025,0.093,0.035,0.099,0.045,0.102,0.057,0.104,0.069,0.102,0.079,0.099,0.088,0.094,0.096,0.086,0.109,0.064,0.119,0.039,0.13,-0.033,0.143,-0.1,0.157,-0.161,0.174,-0.217,0.192,-0.268,0.211,-0.314,0.231,-0.357,0.252,-0.396,0.275,-0.433,0.299,-0.468,0.324,-0.5,0.35,-0.529,0.405,-0.586,0.465,-0.645,0.506,-0.682,0.555,-0.723,0.703,-0.844,0.752,-0.887,0.806,-0.938,0.864,-0.998,0.926,-1.066,0.986,-1.14,1.039,-1.214,1.083,-1.288,1.119,-1.363,1.15,-1.437,1.175,-1.507,1.195,-1.573,1.209,-1.635,1.22,-1.697,1.229,-1.761,1.234,-1.827,1.236,-1.896,1.233,-1.996,1.227,-2.102,1.215,-2.212,1.199,-2.324,1.209,-2.366,1.217,-2.416,1.223,-2.483,1.225,-2.57,1.222,-2.62,1.215,-2.669,1.205,-2.719,1.191,-2.768,1.175,-2.816,1.156,-2.862,1.136,-2.906,1.113,-2.947,1.063,-3.022,1.037,-3.056,1.01,-3.088,0.957,-3.145,0.908,-3.191,0.894,-3.2,0.878,-3.207,0.862,-3.211,0.844,-3.213,0.82,-3.209,0.797,-3.201,0.778,-3.19,0.774,-3.185,0.773,-3.18,0.778,-3.17,0.789,-3.16,0.816,-3.137,0.864,-3.08,0.908,-3.023,0.95,-2.965,0.986,-2.904,1.002,-2.871,1.016,-2.836,1.028,-2.8,1.039,-2.762,1.048,-2.721,1.054,-2.677,1.058,-2.632,1.061,-2.584,1.06,-2.544,1.056,-2.506,1.049,-2.468,1.039,-2.432,1.035,-2.42,1.026,-2.39,1.016,-2.36,1.003,-2.331,0.988,-2.302,0.952,-2.246,0.908,-2.191,0.854,-2.132,0.798,-2.076,0.74,-2.024,0.682,-1.977,0.621,-1.931,0.562,-1.89,0.502,-1.851,0.443,-1.816,0.386,-1.785,0.331,-1.757,0.277,-1.733,0.227,-1.713,0.135,-1.68,0.061,-1.66,0.049,-1.652,0.037,-1.639,0.018,-1.604,0.004,-1.57,0,-1.553,0,0.039
leland E260 0.805,-0.316,0.792,-0.373,0.774,-0.422,0.753,-0.464,0.727,-0.5,0.697,-0.531,0.668,-0.556,0.64,-0.577,0.611,-0.592,0.582,-0.603,0.55,-0.611,0.516,-0.617,0.48,-0.619,0.443,-0.617,0.407,-0.613,0.374,-0.606,0.344,-0.598,0.288,-0.576,0.264,-0.564,0.242,-0.551,0.204,-0.525,0.176,-0.502,0.145,-0.473,0.16,-1.756,0.159,-1.767,0.156,-1.777,0.151,-1.787,0.145,-1.795,0.125,-1.807,0.104,-1.813,0.057,-1.813,0.044,-1.811,0.033,-1.807,0.023,-1.802,0.016,-1.795,0.009,-1.787,0.004,-1.777,0.001,-1.767,0,-1.756,0.02,0.648,0.021,0.66,0.023,0.671,0.028,0.68,0.035,0.688,0.044,0.694,0.053,0.699,0.064,0.702,0.076,0.703,0.09,0.703,0.105,0.697,0.158,0.67,0.211,0.639,0.275,0.598,0.351,0.544,0.432,0.48,0.474,0.443,0.519,0.4,0.565,0.352,0.613,0.299,0.659,0.241,0.699,0.18,0.733,0.116,0.762,0.049,0.784,-0.02,0.8,-0.087,0.809,-0.153,0.813,-0.217,0.81,-0.267,0.805,-0.316|0.527,-0.16,0.523,-0.092,0.506,0.006,0.491,0.062,0.471,0.121,0.444,0.18,0.412,0.236,0.382,0.278,0.348,0.316,0.31,0.354,0.271,0.391,0.233,0.426,0.195,0.457,0.133,0.508,0.145,-0.271,0.149,-0.286,0.158,-0.307,0.175,-0.332,0.197,-0.357,0.212,-0.37,0.228,-0.382,0.266,-0.402,0.288,-0.411,0.313,-0.417,0.341,-0.422,0.371,-0.424,0.395,-0.422,0.417,-0.417,0.436,-0.409,0.453,-0.398,0.469,-0.386,0.481,-0.373,0.492,-0.358,0.5,-0.342,0.513,-0.306,0.521,-0.27,0.526,-0.235,0.527,-0.205,0.527,-0.16
leland E261 0.664,-0.732,0.649,-0.741,0.633,-0.744,0.615,-0.74,0.111,-0.6,0.111,-1.301,0,-1.301,0,0.68,0.004,0.703,0.009,0.712,0.015,0.719,0.023,0.725,0.033,0.729,0.057,0.732,0.072,0.732,0.576,0.592,0.576,1.293,0.684,1.293,0.684,-0.688,0.682,-0.699,0.678,-0.711,0.671,-0.723,0.664,-0.732|0.576,0.26,0.111,0.389,0.111,-0.268,0.576,-0.4,0.576,0.26
leland E262 0.932,-0.42,0.948,-0.425,0.961,-0.438,0.972,-0.455,0.977,-0.477,0.977,-0.713,0.971,-0.734,0.966,-0.743,0.959,-0.75,0.941,-0.762,0.92,-0.768,0.912,-0.768,0.779,-0.74,0.779,-1.336,0.668,-1.336,0.668,-0.717,0.313,-0.645,0.313,-1.207,0.199,-1.207,0.199,-0.619,0.045,-0.588,0.035,-0.585,0.026,-0.581,0.018,-0.574,0.012,-0.566,0.003,-0.549,0,-0.531,0,-0.523,0,-0.293,0,-0.301,0.004,-0.277,0.009,-0.267,0.015,-0.259,0.023,-0.253,0.033,-0.248,0.057,-0.244,0.068,-0.244,0.199,-0.271,0.199,0.389,0.045,0.42,0.035,0.423,0.026,0.427,0.018,0.433,0.012,0.441,0.003,0.459,0,0.477,0,0.707,0.004,0.731,0.009,0.741,0.015,0.749,0.023,0.755,0.033,0.759,0.057,0.764,0.068,0.764,0.199,0.736,0.199,1.332,0.313,1.332,0.313,0.713,0.668,0.641,0.668,1.203,0.779,1.203,0.779,0.615,0.932,0.588,0.948,0.583,0.961,0.57,0.972,0.553,0.977,0.531,0.977,0.297,0.971,0.275,0.959,0.258,0.951,0.25,0.941,0.245,0.931,0.241,0.92,0.24,0.912,0.24,0.779,0.268,0.779,-0.393,0.932,-0.42|0.313,-0.297,0.668,-0.367,0.668,0.293,0.313,0.367,0.313,-0.297
leland E4A0 1.404,-0.523,0.072,-0.936,0.057,-0.939,0.033,-0.935,0.023,-0.93,0.016,-0.924,0.009,-0.916,0.004,-0.906,0.001,-0.896,0,-0.885,0,-0.793,0.003,-0.774,0.012,-0.76,0.024,-0.748,0.039,-0.74,0.896,-0.473,0.039,-0.199,0.024,-0.19,0.012,-0.18,0.003,-0.165,0,-0.148,0,-0.057,0.004,-0.033,0.009,-0.023,0.015,-0.015,0.023,-0.009,0.033,-0.004,0.057,-0,0.072,-0.004,1.404,-0.416,1.417,-0.424,1.43,-0.436,1.439,-0.453,1.443,-0.473,1.439,-0.489,1.43,-0.502,1.417,-0.514,1.404,-0.523
leland E4A1 1.404,0.416,0.072,0.004,0.047,0.002,0.038,0.002,0.03,0.004,0.023,0.009,0.016,0.016,0.009,0.025,0.004,0.035,0.001,0.045,0,0.057,0,0.148,0.003,0.166,0.012,0.18,0.024,0.191,0.039,0.199,0.896,0.469,0.039,0.74,0.024,0.75,0.012,0.762,0.003,0.776,0,0.793,0,0.885,0.003,0.907,0.008,0.916,0.014,0.924,0.022,0.931,0.032,0.936,0.044,0.938,0.057,0.939,0.072,0.936,1.404,0.523,1.417,0.516,1.43,0.504,1.439,0.487,1.443,0.469,1.439,0.452,1.43,0.438,1.417,0.425,1.404,0.416
leland E4A2 0.031,-0.045,0.056,-0.024,0.083,-0.01,0.111,-0.001,0.141,0.002,0.17,-0.001,0.199,-0.01,0.227,-0.024,0.254,-0.045,0.273,-0.07,0.286,-0.097,0.294,-0.125,0.297,-0.154,0.294,-0.184,0.286,-0.212,0.273,-0.239,0.254,-0.264,0.227,-0.284,0.199,-0.299,0.17,-0.308,0.141,-0.311,0.111,-0.308,0.083,-0.299,0.056,-0.284,0.031,-0.264,0.011,-0.239,-0.004,-0.212,-0.013,-0.184,-0.016,-0.154,-0.013,-0.125,-0.004,-0.097,0.011,-0.07,0.031,-0.045
leland E4A3 0.031,0.268,0.056,0.288,0.083,0.303,0.111,0.312,0.141,0.314,0.17,0.312,0.199,0.303,0.227,0.288,0.254,0.268,0.273,0.242,0.286,0.216,0.294,0.188,0.297,0.158,0.294,0.128,0.286,0.1,0.273,0.073,0.254,0.049,0.227,0.028,0.199,0.014,0.17,0.005,0.141,0.002,0.111,0.005,0.083,0.014,0.056,0.028,0.031,0.049,0.011,0.073,-0.004,0.099,-0.013,0.127,-0.016,0.156,-0.013,0.187,-0.004,0.215,0.011,0.242,0.031,0.268
leland E4A4 0.057,-0.184,0.033,-0.179,0.023,-0.174,0.016,-0.168,0.009,-0.16,0.004,-0.15,0.001,-0.14,0,-0.129,0,-0.057,0.004,-0.033,0.009,-0.023,0.015,-0.015,0.023,-0.009,0.033,-0.004,0.057,-0,1.207,-0,1.229,-0.003,1.246,-0.014,1.254,-0.022,1.259,-0.032,1.263,-0.044,1.264,-0.057,1.264,-0.129,1.263,-0.14,1.26,-0.15,1.255,-0.159,1.248,-0.166,1.229,-0.178,1.207,-0.184,0.057,-0.184
leland E4AC 0.1,-0.027,0.48,-0.664,0.828,-0.027,0.836,-0.016,0.848,-0.008,0.863,-0.002,0.881,-0,1.133,-0,1.154,-0.004,1.163,-0.009,1.17,-0.015,1.176,-0.023,1.18,-0.033,1.184,-0.057,1.18,-0.084,0.641,-0.988,0.632,-0.997,0.621,-1.004,0.607,-1.009,0.592,-1.012,0.578,-1.01,0.564,-1.006,0.553,-0.999,0.545,-0.988,0.004,-0.084,0.1,-0.027
leland E4E3 0.057,-0.02,0.033,-0.015,0.023,-0.01,0.016,-0.004,0.009,0.004,0.004,0.014,0.001,0.024,0,0.035,0,0.469,0.003,0.491,0.008,0.5,0.014,0.508,0.022,0.515,0.032,0.52,0.044,0.522,0.057,0.523,1.244,0.523,1.266,0.52,1.283,0.51,1.29,0.501,1.295,0.492,1.301,0.469,1.301,0.035,1.295,0.014,1.29,0.005,1.283,-0.002,1.266,-0.014,1.244,-0.02,0.057,-0.02
leland E4E4 0.002,-0.039,0.002,-0.008,0.005,0.002,0.008,0.008,0.014,0.012,0.024,0.015,0.059,0.016,1.246,0.016,1.278,0.015,1.288,0.013,1.295,0.01,1.299,0.003,1.302,-0.007,1.303,-0.039,1.303,-0.473,1.302,-0.504,1.299,-0.514,1.295,-0.52,1.288,-0.524,1.278,-0.526,1.246,-0.527,0.059,-0.527,0.024,-0.527,0.014,-0.525,0.008,-0.521,0.005,-0.515,0.002,-0.504,0.002,-0.473,0.002,-0.039
leland E4E5 0.922,0.664,0.898,0.637,0.438,0.068,0.432,0.058,0.43,0.043,0.432,0.024,0.438,0.008,0.846,-0.607,0.851,-0.622,0.854,-0.637,0.854,-0.672,0.851,-0.688,0.842,-0.703,0.193,-1.58,0.184,-1.59,0.171,-1.599,0.156,-1.602,0.147,-1.601,0.138,-1.599,0.119,-1.588,0.111,-1.58,0.104,-1.571,0.101,-1.562,0.1,-1.553,0.105,-1.52,0.113,-1.508,0.418,-1.092,0.427,-1.071,0.43,-1.045,0.427,-1.018,0.418,-0.996,0.014,-0.381,0.008,-0.363,0.006,-0.348,0.006,-0.313,0.009,-0.294,0.018,-0.279,0.467,0.275,0.427,0.269,0.365,0.264,0.338,0.265,0.311,0.268,0.252,0.281,0.222,0.292,0.191,0.308,0.161,0.328,0.131,0.354,0.102,0.382,0.077,0.414,0.055,0.448,0.037,0.484,0.022,0.522,0.011,0.561,0.004,0.599,0.002,0.637,0.003,0.679,0.01,0.721,0.016,0.741,0.024,0.762,0.035,0.782,0.049,0.803,0.139,0.928,0.266,1.098,0.379,1.24,0.428,1.301,0.441,1.313,0.458,1.321,0.479,1.324,0.492,1.322,0.51,1.311,0.518,1.301,0.524,1.292,0.527,1.281,0.527,1.27,0.524,1.248,0.518,1.234,0.488,1.188,0.441,1.102,0.398,1.02,0.379,0.982,0.363,0.945,0.357,0.926,0.353,0.904,0.35,0.852,0.352,0.813,0.361,0.771,0.372,0.748,0.387,0.724,0.408,0.699,0.434,0.672,0.464,0.648,0.498,0.631,0.535,0.622,0.574,0.619,0.61,0.623,0.643,0.631,0.674,0.643,0.701,0.656,0.857,0.756,0.865,0.76,0.877,0.763,0.893,0.764,0.902,0.763,0.912,0.76,0.921,0.753,0.93,0.744,0.936,0.727,0.938,0.717,0.939,0.705,0.938,0.691,0.93,0.676,0.922,0.664
leland E4E6 1.068,-0.813,1.053,-0.816,1.034,-0.814,1.019,-0.807,1.008,-0.797,1,-0.783,0.967,-0.729,0.938,-0.682,0.9,-0.627,0.854,-0.566,0.803,-0.504,0.774,-0.473,0.744,-0.444,0.712,-0.417,0.68,-0.393,0.639,-0.363,0.594,-0.34,0.547,-0.323,0.5,-0.313,0.516,-0.332,0.53,-0.353,0.542,-0.375,0.552,-0.398,0.56,-0.423,0.566,-0.449,0.57,-0.476,0.572,-0.504,0.57,-0.533,0.565,-0.56,0.557,-0.586,0.547,-0.611,0.534,-0.636,0.52,-0.659,0.503,-0.681,0.484,-0.701,0.464,-0.72,0.443,-0.736,0.42,-0.75,0.396,-0.762,0.371,-0.772,0.344,-0.78,0.316,-0.785,0.287,-0.787,0.256,-0.785,0.227,-0.78,0.199,-0.773,0.172,-0.764,0.145,-0.75,0.118,-0.731,0.089,-0.709,0.061,-0.682,0.047,-0.666,0.035,-0.649,0.025,-0.629,0.016,-0.608,0.009,-0.585,0.005,-0.56,0,-0.504,0.003,-0.458,0.012,-0.415,0.027,-0.375,0.049,-0.338,0.075,-0.305,0.106,-0.277,0.141,-0.254,0.18,-0.236,0.202,-0.225,0.226,-0.216,0.279,-0.201,0.309,-0.195,0.34,-0.191,0.41,-0.188,0.449,-0.188,0.489,-0.193,0.531,-0.201,0.574,-0.213,0.619,-0.23,0.663,-0.25,0.706,-0.276,0.748,-0.305,0.783,-0.332,0.818,-0.363,0.889,-0.436,0.432,0.988,0.539,1.02,1.1,-0.744,1.103,-0.754,1.104,-0.771,1.101,-0.782,1.095,-0.792,1.084,-0.803,1.068,-0.813
leland E4E7 1.371,-0.744,1.375,-0.754,1.377,-0.766,1.375,-0.778,1.367,-0.791,1.355,-0.803,1.342,-0.811,1.32,-0.816,1.304,-0.814,1.29,-0.807,1.277,-0.797,1.268,-0.783,1.227,-0.709,1.182,-0.637,1.13,-0.566,1.074,-0.5,1.044,-0.468,1.013,-0.438,0.98,-0.411,0.945,-0.387,0.909,-0.365,0.872,-0.347,0.833,-0.332,0.793,-0.32,0.809,-0.341,0.823,-0.363,0.834,-0.386,0.844,-0.409,0.851,-0.434,0.856,-0.459,0.859,-0.485,0.859,-0.512,0.857,-0.54,0.852,-0.566,0.844,-0.592,0.834,-0.617,0.821,-0.642,0.806,-0.665,0.789,-0.686,0.77,-0.705,0.748,-0.723,0.725,-0.738,0.701,-0.752,0.676,-0.764,0.649,-0.774,0.622,-0.781,0.593,-0.786,0.564,-0.787,0.534,-0.784,0.505,-0.778,0.478,-0.77,0.452,-0.759,0.428,-0.747,0.406,-0.732,0.385,-0.715,0.365,-0.695,0.347,-0.674,0.332,-0.651,0.319,-0.627,0.308,-0.603,0.299,-0.577,0.293,-0.55,0.289,-0.521,0.287,-0.492,0.292,-0.447,0.303,-0.405,0.319,-0.366,0.342,-0.33,0.37,-0.298,0.402,-0.271,0.437,-0.25,0.477,-0.232,0.503,-0.22,0.53,-0.21,0.557,-0.202,0.584,-0.197,0.641,-0.192,0.699,-0.191,0.736,-0.194,0.771,-0.198,0.806,-0.205,0.84,-0.213,0.873,-0.223,0.904,-0.235,0.935,-0.25,0.965,-0.266,1.023,-0.304,1.077,-0.348,1.128,-0.399,1.176,-0.455,0.996,0.18,0.982,0.216,0.965,0.253,0.945,0.291,0.922,0.33,0.896,0.37,0.868,0.408,0.838,0.446,0.805,0.482,0.77,0.517,0.734,0.55,0.698,0.58,0.66,0.607,0.622,0.632,0.584,0.653,0.546,0.669,0.508,0.68,0.523,0.658,0.537,0.635,0.549,0.612,0.558,0.589,0.566,0.565,0.571,0.54,0.575,0.514,0.576,0.488,0.574,0.46,0.569,0.432,0.561,0.406,0.551,0.381,0.537,0.355,0.518,0.329,0.494,0.301,0.465,0.273,0.448,0.26,0.43,0.248,0.41,0.238,0.388,0.23,0.365,0.223,0.339,0.218,0.283,0.213,0.253,0.215,0.224,0.22,0.196,0.228,0.17,0.238,0.144,0.252,0.118,0.271,0.09,0.295,0.063,0.324,0.049,0.341,0.038,0.359,0.028,0.379,0.02,0.401,0.013,0.425,0.008,0.451,0.004,0.508,0.007,0.553,0.017,0.595,0.034,0.633,0.057,0.668,0.085,0.7,0.117,0.726,0.152,0.747,0.191,0.764,0.218,0.776,0.245,0.786,0.272,0.794,0.299,0.799,0.355,0.804,0.416,0.805,0.453,0.802,0.488,0.798,0.523,0.791,0.557,0.783,0.589,0.772,0.621,0.76,0.652,0.745,0.682,0.729,0.74,0.69,0.794,0.646,0.845,0.596,0.893,0.539,0.484,2,0.592,2.027,1.371,-0.744
leland E522 -0.34,0.24,-0.381,0.246,-0.419,0.258,-0.454,0.278,-0.486,0.305,-0.513,0.337,-0.532,0.372,-0.544,0.408,-0.549,0.447,-0.547,0.486,-0.542,0.522,-0.535,0.556,-0.525,0.588,-0.512,0.617,-0.496,0.644,-0.478,0.668,-0.457,0.689,-0.434,0.709,-0.409,0.725,-0.382,0.739,-0.354,0.751,-0.324,0.76,-0.293,0.766,-0.259,0.77,-0.225,0.771,-0.179,0.77,-0.136,0.765,-0.095,0.756,-0.057,0.742,-0.019,0.723,0.02,0.698,0.058,0.668,0.096,0.633,0.128,0.596,0.161,0.55,0.193,0.497,0.227,0.436,0.292,0.295,0.355,0.141,0.415,-0.023,0.469,-0.186,0.518,-0.34,0.561,-0.48,0.611,-0.662,0.66,-0.824,0.66,-0.832,0.947,-0.832,0.964,-0.835,0.977,-0.843,0.985,-0.855,0.988,-0.871,0.988,-0.961,0.985,-0.977,0.977,-0.989,0.964,-0.997,0.947,-1,0.713,-1,0.713,-1.012,0.779,-1.256,0.807,-1.341,0.83,-1.406,0.851,-1.456,0.871,-1.492,0.896,-1.521,0.928,-1.547,0.946,-1.559,0.963,-1.567,0.98,-1.571,0.996,-1.572,1.025,-1.566,1.035,-1.562,1.043,-1.556,1.05,-1.547,1.057,-1.535,1.06,-1.522,1.061,-1.504,1.059,-1.494,1.054,-1.484,1.046,-1.476,1.035,-1.469,1.021,-1.455,1.01,-1.439,0.999,-1.423,0.991,-1.406,0.985,-1.388,0.98,-1.369,0.977,-1.328,0.979,-1.3,0.984,-1.271,0.996,-1.244,1.014,-1.219,1.025,-1.208,1.038,-1.198,1.068,-1.184,1.082,-1.177,1.099,-1.173,1.141,-1.168,1.161,-1.169,1.184,-1.174,1.209,-1.183,1.236,-1.195,1.251,-1.203,1.265,-1.214,1.278,-1.227,1.291,-1.242,1.313,-1.276,1.328,-1.313,1.335,-1.348,1.338,-1.396,1.335,-1.426,1.327,-1.458,1.314,-1.491,1.297,-1.527,1.281,-1.55,1.26,-1.572,1.235,-1.595,1.205,-1.617,1.17,-1.638,1.132,-1.655,1.09,-1.669,1.045,-1.68,1.011,-1.683,0.977,-1.684,0.938,-1.682,0.898,-1.677,0.856,-1.668,0.813,-1.654,0.765,-1.633,0.713,-1.602,0.657,-1.561,0.596,-1.51,0.564,-1.477,0.532,-1.436,0.5,-1.386,0.468,-1.328,0.436,-1.261,0.404,-1.185,0.372,-1.101,0.34,-1.008,0.34,-1,0.035,-1,0.019,-0.997,0.007,-0.989,-0.001,-0.977,-0.004,-0.961,-0.004,-0.871,-0.001,-0.855,0.007,-0.843,0.019,-0.835,0.035,-0.832,0.283,-0.832,0.283,-0.816,0.229,-0.59,0.184,-0.389,0.159,-0.276,0.131,-0.16,0.068,0.096,0.057,0.145,0,0.354,-0.023,0.434,-0.045,0.498,-0.067,0.551,-0.09,0.594,-0.117,0.626,-0.131,0.64,-0.146,0.65,-0.163,0.66,-0.181,0.667,-0.198,0.671,-0.217,0.672,-0.246,0.668,-0.258,0.664,-0.27,0.658,-0.279,0.65,-0.286,0.64,-0.291,0.628,-0.293,0.615,-0.291,0.598,-0.287,0.59,-0.278,0.582,-0.246,0.564,-0.227,0.553,-0.21,0.538,-0.196,0.52,-0.184,0.498,-0.173,0.474,-0.166,0.45,-0.162,0.426,-0.16,0.4,-0.164,0.379,-0.17,0.355,-0.182,0.329,-0.199,0.303,-0.222,0.279,-0.252,0.26,-0.271,0.252,-0.292,0.246,-0.315,0.242,-0.34,0.24
leland E52C 2.031,0.652,2.031,0.572,1.732,0.572,1.965,-0.072,1.977,-0.045,1.982,-0.029,1.993,-0.013,2.01,0.006,2.034,0.027,2.064,0.047,2.083,0.057,2.104,0.066,2.152,0.08,2.194,0.087,2.248,0.09,2.28,0.087,2.314,0.079,2.351,0.067,2.389,0.051,2.427,0.029,2.465,0.003,2.501,-0.026,2.537,-0.061,2.572,-0.099,2.604,-0.141,2.635,-0.186,2.662,-0.234,2.688,-0.287,2.712,-0.342,2.733,-0.4,2.752,-0.461,2.766,-0.522,2.776,-0.58,2.782,-0.634,2.783,-0.684,2.781,-0.73,2.775,-0.773,2.767,-0.811,2.756,-0.846,2.741,-0.877,2.726,-0.905,2.708,-0.929,2.689,-0.949,2.651,-0.983,2.615,-1.008,2.581,-1.025,2.553,-1.035,2.525,-1.041,2.492,-1.043,2.474,-1.042,2.455,-1.039,2.412,-1.025,2.367,-1.006,2.324,-0.982,2.283,-0.955,2.246,-0.926,2.188,-0.871,2.176,-0.859,2.168,-0.877,2.152,-0.898,2.107,-0.951,2.075,-0.981,2.037,-1.01,2.016,-1.022,1.993,-1.033,1.969,-1.042,1.943,-1.049,1.885,-1.051,1.865,-1.05,1.845,-1.047,1.823,-1.041,1.799,-1.031,1.774,-1.019,1.749,-1.003,1.724,-0.985,1.699,-0.963,1.675,-0.937,1.651,-0.906,1.628,-0.872,1.605,-0.834,1.582,-0.79,1.56,-0.742,1.537,-0.688,1.516,-0.629,1.588,-0.592,1.602,-0.639,1.625,-0.705,1.64,-0.741,1.656,-0.773,1.691,-0.834,1.712,-0.86,1.738,-0.883,1.77,-0.901,1.801,-0.912,1.82,-0.912,1.835,-0.908,1.852,-0.898,1.859,-0.89,1.864,-0.878,1.867,-0.863,1.867,-0.844,1.863,-0.803,1.854,-0.758,1.841,-0.71,1.826,-0.664,1.797,-0.582,1.775,-0.531,1.381,0.572,1.137,0.572,1.137,0.652,2.031,0.652|2.145,-0.049,2.127,-0.049,2.118,-0.05,2.111,-0.053,2.091,-0.063,2.074,-0.078,2.06,-0.096,2.051,-0.117,2.043,-0.141,2.038,-0.167,2.035,-0.195,2.035,-0.225,2.037,-0.269,2.041,-0.314,2.055,-0.402,2.072,-0.469,2.084,-0.5,2.099,-0.556,2.121,-0.613,2.15,-0.67,2.184,-0.723,2.221,-0.771,2.258,-0.814,2.298,-0.852,2.34,-0.881,2.36,-0.891,2.379,-0.898,2.398,-0.903,2.416,-0.904,2.434,-0.903,2.453,-0.898,2.463,-0.893,2.473,-0.885,2.481,-0.874,2.488,-0.859,2.495,-0.84,2.5,-0.817,2.503,-0.789,2.504,-0.756,2.499,-0.686,2.486,-0.617,2.459,-0.512,2.439,-0.447,2.417,-0.387,2.391,-0.326,2.361,-0.266,2.33,-0.209,2.296,-0.158,2.26,-0.115,2.223,-0.08,2.205,-0.067,2.188,-0.057,2.177,-0.052,2.166,-0.051,2.145,-0.049,2.145,-0.049|1.355,-0.176,1.34,-0.153,1.326,-0.141,1.311,-0.133,1.297,-0.131,1.282,-0.133,1.266,-0.139,1.257,-0.145,1.251,-0.154,1.248,-0.165,1.248,-0.18,1.25,-0.206,1.256,-0.236,1.279,-0.313,1.293,-0.361,1.307,-0.408,1.318,-0.443,1.332,-0.502,1.348,-0.59,1.361,-0.688,1.366,-0.735,1.367,-0.779,1.366,-0.809,1.363,-0.836,1.355,-0.873,1.344,-0.906,1.329,-0.934,1.312,-0.956,1.292,-0.974,1.268,-0.986,1.242,-0.994,1.213,-0.996,1.172,-0.992,1.133,-0.982,1.094,-0.967,1.057,-0.947,1.022,-0.924,0.991,-0.901,0.965,-0.877,0.943,-0.852,0.936,-0.836,0.928,-0.855,0.914,-0.875,0.879,-0.924,0.855,-0.951,0.826,-0.973,0.809,-0.982,0.792,-0.989,0.774,-0.994,0.756,-0.996,0.715,-0.994,0.677,-0.988,0.641,-0.977,0.607,-0.962,0.575,-0.943,0.545,-0.919,0.518,-0.891,0.492,-0.859,0.48,-0.844,0.477,-0.863,0.467,-0.881,0.436,-0.922,0.413,-0.946,0.387,-0.967,0.357,-0.986,0.324,-1,0.268,-1.004,0.231,-1,0.199,-0.993,0.171,-0.983,0.146,-0.969,0.106,-0.939,0.08,-0.914,0.056,-0.88,0.027,-0.828,-0.003,-0.765,-0.027,-0.699,0.031,-0.668,0.041,-0.699,0.072,-0.775,0.096,-0.815,0.123,-0.85,0.138,-0.864,0.154,-0.875,0.17,-0.882,0.188,-0.885,0.207,-0.881,0.222,-0.871,0.233,-0.858,0.239,-0.841,0.24,-0.82,0.238,-0.796,0.233,-0.769,0.217,-0.705,0.164,-0.539,0.145,-0.482,0.115,-0.391,0.08,-0.283,0.033,-0.145,0.006,-0.059,0.002,-0.035,0.002,-0.023,0.008,-0.012,0.013,-0.006,0.021,-0.001,0.039,0.004,0.1,0.004,0.191,0.004,0.248,0.004,0.258,0.003,0.27,-0.002,0.276,-0.009,0.282,-0.021,0.297,-0.061,0.325,-0.18,0.352,-0.275,0.361,-0.313,0.383,-0.387,0.414,-0.482,0.453,-0.586,0.496,-0.688,0.52,-0.733,0.545,-0.773,0.572,-0.808,0.598,-0.834,0.611,-0.844,0.625,-0.852,0.639,-0.857,0.652,-0.859,0.665,-0.856,0.676,-0.848,0.681,-0.839,0.685,-0.827,0.688,-0.793,0.68,-0.739,0.66,-0.66,0.6,-0.443,0.555,-0.301,0.514,-0.178,0.488,-0.092,0.479,-0.059,0.48,-0.039,0.481,-0.023,0.488,-0.01,0.502,0,0.52,0.004,0.74,0.004,0.752,0.003,0.764,-0.002,0.769,-0.008,0.774,-0.018,0.783,-0.045,0.787,-0.072,0.802,-0.172,0.818,-0.263,0.834,-0.345,0.852,-0.42,0.87,-0.488,0.89,-0.548,0.909,-0.602,0.93,-0.648,0.951,-0.69,0.972,-0.725,0.992,-0.755,1.012,-0.779,1.032,-0.8,1.051,-0.817,1.07,-0.83,1.088,-0.84,1.1,-0.844,1.104,-0.844,1.111,-0.84,1.123,-0.828,1.129,-0.815,1.131,-0.795,1.13,-0.777,1.126,-0.749,1.109,-0.66,1.094,-0.602,1.075,-0.538,1.023,-0.389,1.008,-0.341,0.997,-0.294,0.99,-0.25,0.988,-0.207,0.99,-0.167,0.997,-0.129,1.01,-0.095,1.027,-0.064,1.04,-0.046,1.056,-0.031,1.075,-0.019,1.096,-0.01,1.12,-0.002,1.145,0.003,1.17,0.007,1.197,0.008,1.225,0.006,1.251,0.002,1.277,-0.005,1.301,-0.016,1.323,-0.028,1.345,-0.043,1.365,-0.061,1.383,-0.08,1.415,-0.123,1.441,-0.17,1.466,-0.222,1.488,-0.275,1.496,-0.301,1.428,-0.332,1.42,-0.313,1.4,-0.27,1.377,-0.219,1.355,-0.176
leland E52D 1.156,0.24,1.115,0.246,1.077,0.258,1.042,0.278,1.01,0.305,0.983,0.337,0.964,0.372,0.952,0.408,0.947,0.447,0.949,0.486,0.954,0.522,0.961,0.556,0.971,0.588,0.984,0.617,1,0.644,1.018,0.668,1.039,0.689,1.062,0.709,1.087,0.725,1.114,0.739,1.142,0.751,1.172,0.76,1.203,0.766,1.237,0.77,1.271,0.771,1.317,0.77,1.36,0.765,1.401,0.756,1.439,0.742,1.478,0.723,1.516,0.698,1.554,0.668,1.592,0.633,1.624,0.596,1.657,0.55,1.69,0.497,1.723,0.436,1.788,0.295,1.852,0.141,1.911,-0.023,1.965,-0.186,2.014,-0.34,2.057,-0.48,2.107,-0.662,2.156,-0.824,2.156,-0.832,2.443,-0.832,2.461,-0.835,2.473,-0.843,2.481,-0.855,2.484,-0.871,2.484,-0.961,2.481,-0.977,2.473,-0.989,2.461,-0.997,2.443,-1,2.207,-1,2.207,-1.012,2.275,-1.256,2.303,-1.341,2.326,-1.406,2.347,-1.456,2.367,-1.492,2.392,-1.521,2.424,-1.547,2.442,-1.559,2.459,-1.567,2.476,-1.571,2.492,-1.572,2.521,-1.566,2.531,-1.562,2.539,-1.556,2.546,-1.547,2.553,-1.535,2.556,-1.522,2.557,-1.504,2.555,-1.494,2.55,-1.484,2.542,-1.476,2.531,-1.469,2.518,-1.455,2.506,-1.439,2.496,-1.423,2.487,-1.406,2.481,-1.388,2.476,-1.369,2.473,-1.328,2.475,-1.3,2.48,-1.271,2.492,-1.244,2.51,-1.219,2.521,-1.208,2.534,-1.198,2.564,-1.184,2.578,-1.177,2.595,-1.173,2.637,-1.168,2.657,-1.169,2.68,-1.174,2.705,-1.183,2.732,-1.195,2.747,-1.203,2.761,-1.214,2.774,-1.227,2.787,-1.242,2.809,-1.276,2.824,-1.313,2.832,-1.348,2.834,-1.396,2.831,-1.426,2.823,-1.458,2.81,-1.491,2.793,-1.527,2.777,-1.55,2.756,-1.572,2.731,-1.595,2.701,-1.617,2.666,-1.638,2.627,-1.655,2.585,-1.669,2.539,-1.68,2.507,-1.683,2.473,-1.684,2.435,-1.682,2.395,-1.677,2.353,-1.668,2.309,-1.654,2.261,-1.633,2.209,-1.602,2.153,-1.561,2.092,-1.51,2.06,-1.477,2.028,-1.436,1.996,-1.386,1.964,-1.328,1.932,-1.261,1.9,-1.185,1.868,-1.101,1.836,-1.008,1.836,-1,1.531,-1,1.515,-0.997,1.503,-0.989,1.495,-0.977,1.492,-0.961,1.492,-0.871,1.495,-0.855,1.503,-0.843,1.515,-0.835,1.531,-0.832,1.779,-0.832,1.779,-0.816,1.725,-0.59,1.68,-0.389,1.655,-0.276,1.627,-0.16,1.564,0.096,1.553,0.145,1.496,0.354,1.473,0.434,1.451,0.498,1.429,0.551,1.406,0.594,1.379,0.626,1.365,0.64,1.35,0.65,1.333,0.66,1.315,0.667,1.298,0.671,1.279,0.672,1.25,0.668,1.238,0.664,1.227,0.658,1.217,0.65,1.21,0.64,1.205,0.628,1.203,0.615,1.205,0.598,1.208,0.59,1.217,0.582,1.23,0.573,1.248,0.564,1.268,0.553,1.286,0.538,1.3,0.52,1.313,0.498,1.323,0.474,1.33,0.45,1.334,0.426,1.336,0.4,1.333,0.379,1.326,0.355,1.314,0.329,1.297,0.303,1.274,0.279,1.244,0.26,1.225,0.252,1.205,0.246,1.182,0.242,1.156,0.24|1.355,-0.176,1.34,-0.153,1.326,-0.141,1.311,-0.133,1.297,-0.131,1.282,-0.133,1.266,-0.139,1.257,-0.145,1.251,-0.154,1.248,-0.165,1.248,-0.18,1.25,-0.206,1.256,-0.236,1.279,-0.313,1.293,-0.361,1.307,-0.408,1.318,-0.443,1.332,-0.502,1.348,-0.59,1.361,-0.688,1.366,-0.735,1.367,-0.779,1.366,-0.809,1.363,-0.836,1.355,-0.873,1.344,-0.906,1.329,-0.934,1.312,-0.956,1.292,-0.974,1.268,-0.986,1.242,-0.994,1.213,-0.996,1.172,-0.992,1.133,-0.982,1.094,-0.967,1.057,-0.947,1.022,-0.924,0.991,-0.901,0.965,-0.877,0.943,-0.852,0.936,-0.836,0.928,-0.855,0.914,-0.875,0.879,-0.924,0.855,-0.951,0.826,-0.973,0.809,-0.982,0.792,-0.989,0.774,-0.994,0.756,-0.996,0.715,-0.994,0.677,-0.988,0.641,-0.977,0.607,-0.962,0.575,-0.943,0.545,-0.919,0.518,-0.891,0.492,-0.859,0.48,-0.844,0.477,-0.863,0.467,-0.881,0.436,-0.922,0.413,-0.946,0.387,-0.967,0.357,-0.986,0.324,-1,0.268,-1.004,0.231,-1,0.199,-0.993,0.171,-0.983,0.146,-0.969,0.106,-0.939,0.08,-0.914,0.056,-0.88,0.027,-0.828,-0.003,-0.765,-0.027,-0.699,0.031,-0.668,0.041,-0.699,0.072,-0.775,0.096,-0.815,0.123,-0.85,0.138,-0.864,0.154,-0.875,0.17,-0.882,0.188,-0.885,0.207,-0.881,0.222,-0.871,0.233,-0.858,0.239,-0.841,0.24,-0.82,0.238,-0.796,0.233,-0.769,0.217,-0.705,0.164,-0.539,0.145,-0.482,0.115,-0.391,0.08,-0.283,0.033,-0.145,0.006,-0.059,0.002,-0.035,0.002,-0.023,0.008,-0.012,0.013,-0.006,0.021,-0.001,0.039,0.004,0.1,0.004,0.191,0.004,0.248,0.004,0.258,0.003,0.27,-0.002,0.276,-0.009,0.282,-0.021,0.297,-0.061,0.325,-0.18,0.352,-0.275,0.361,-0.313,0.383,-0.387,0.414,-0.482,0.453,-0.586,0.496,-0.688,0.52,-0.733,0.545,-0.773,0.572,-0.808,0.598,-0.834,0.611,-0.844,0.625,-0.852,0.639,-0.857,0.652,-0.859,0.665,-0.856,0.676,-0.848,0.681,-0.839,0.685,-0.827,0.688,-0.793,0.68,-0.739,0.66,-0.66,0.6,-0.443,0.555,-0.301,0.514,-0.178,0.488,-0.092,0.479,-0.059,0.48,-0.039,0.481,-0.023,0.488,-0.01,0.502,0,0.52,0.004,0.74,0.004,0.752,0.003,0.764,-0.002,0.769,-0.008,0.774,-0.018,0.783,-0.045,0.787,-0.072,0.802,-0.172,0.818,-0.263,0.834,-0.345,0.852,-0.42,0.87,-0.488,0.89,-0.548,0.909,-0.602,0.93,-0.648,0.951,-0.69,0.972,-0.725,0.992,-0.755,1.012,-0.779,1.032,-0.8,1.051,-0.817,1.07,-0.83,1.088,-0.84,1.1,-0.844,1.104,-0.844,1.111,-0.84,1.123,-0.828,1.129,-0.815,1.131,-0.795,1.13,-0.777,1.126,-0.749,1.109,-0.66,1.094,-0.602,1.075,-0.538,1.023,-0.389,1.008,-0.341,0.997,-0.294,0.99,-0.25,0.988,-0.207,0.99,-0.167,0.997,-0.129,1.01,-0.095,1.027,-0.064,1.04,-0.046,1.056,-0.031,1.075,-0.019,1.096,-0.01,1.12,-0.002,1.145,0.003,1.17,0.007,1.197,0.008,1.225,0.006,1.251,0.002,1.277,-0.005,1.301,-0.016,1.323,-0.028,1.345,-0.043,1.365,-0.061,1.383,-0.08,1.415,-0.123,1.441,-0.17,1.466,-0.222,1.488,-0.275,1.496,-0.301,1.428,-0.332,1.42,-0.313,1.4,-0.27,1.377,-0.219,1.355,-0.176
leland E52F 0.725,-1.012,0.791,-1.26,0.818,-1.347,0.842,-1.412,0.863,-1.46,0.883,-1.496,0.908,-1.524,0.939,-1.551,0.958,-1.563,0.975,-1.571,0.992,-1.575,1.008,-1.576,1.037,-1.57,1.046,-1.566,1.055,-1.56,1.062,-1.551,1.068,-1.539,1.071,-1.526,1.072,-1.508,1.071,-1.497,1.065,-1.487,1.057,-1.477,1.045,-1.467,1.031,-1.455,1.02,-1.442,1.01,-1.427,1.002,-1.41,0.995,-1.392,0.991,-1.373,0.988,-1.354,0.988,-1.336,0.99,-1.307,0.996,-1.277,1.007,-1.248,1.025,-1.221,1.037,-1.209,1.05,-1.199,1.064,-1.19,1.08,-1.184,1.093,-1.178,1.108,-1.175,1.145,-1.172,1.166,-1.173,1.191,-1.178,1.218,-1.187,1.248,-1.199,1.262,-1.207,1.276,-1.218,1.29,-1.231,1.303,-1.246,1.325,-1.28,1.34,-1.316,1.345,-1.335,1.349,-1.357,1.352,-1.408,1.349,-1.437,1.342,-1.467,1.33,-1.499,1.313,-1.531,1.295,-1.554,1.273,-1.576,1.247,-1.599,1.215,-1.621,1.179,-1.642,1.14,-1.659,1.098,-1.673,1.053,-1.684,1.014,-1.687,0.963,-1.688,0.932,-1.686,0.898,-1.68,0.859,-1.671,0.816,-1.658,0.771,-1.639,0.726,-1.613,0.679,-1.579,0.633,-1.539,0.593,-1.498,0.555,-1.451,0.518,-1.396,0.482,-1.334,0.448,-1.265,0.414,-1.187,0.38,-1.101,0.348,-1.008,0.344,-1,0.039,-1,0.023,-0.997,0.011,-0.989,0.003,-0.977,0,-0.961,0,-0.871,0.003,-0.855,0.011,-0.843,0.023,-0.835,0.039,-0.832,0.293,-0.832,0.287,-0.816,0.233,-0.589,0.188,-0.385,0.135,-0.152,0.072,0.104,0.061,0.152,0.004,0.361,-0.021,0.441,-0.043,0.506,-0.065,0.559,-0.088,0.602,-0.101,0.619,-0.116,0.635,-0.131,0.648,-0.148,0.66,-0.164,0.669,-0.181,0.675,-0.199,0.678,-0.217,0.68,-0.231,0.679,-0.244,0.677,-0.256,0.672,-0.268,0.664,-0.278,0.657,-0.287,0.648,-0.291,0.642,-0.293,0.634,-0.291,0.615,-0.286,0.605,-0.276,0.595,-0.262,0.585,-0.244,0.576,-0.224,0.565,-0.207,0.55,-0.192,0.531,-0.18,0.51,-0.169,0.485,-0.162,0.46,-0.158,0.434,-0.156,0.408,-0.16,0.387,-0.166,0.363,-0.178,0.336,-0.195,0.311,-0.22,0.287,-0.252,0.268,-0.271,0.26,-0.292,0.254,-0.315,0.25,-0.34,0.248,-0.361,0.25,-0.381,0.254,-0.401,0.26,-0.42,0.268,-0.44,0.278,-0.46,0.292,-0.481,0.309,-0.502,0.33,-0.522,0.356,-0.536,0.386,-0.545,0.421,-0.549,0.461,-0.547,0.5,-0.542,0.536,-0.535,0.57,-0.524,0.601,-0.511,0.63,-0.495,0.656,-0.477,0.68,-0.455,0.701,-0.431,0.72,-0.406,0.737,-0.379,0.751,-0.351,0.763,-0.32,0.772,-0.289,0.778,-0.256,0.782,-0.221,0.783,-0.175,0.782,-0.132,0.776,-0.091,0.766,-0.053,0.752,-0.015,0.732,0.023,0.707,0.062,0.676,0.1,0.641,0.132,0.603,0.165,0.558,0.197,0.505,0.23,0.443,0.263,0.375,0.296,0.303,0.359,0.146,0.419,-0.017,0.475,-0.18,0.525,-0.336,0.568,-0.477,0.619,-0.662,0.668,-0.824,0.668,-0.832,1.293,-0.832,1.287,-0.816,1.233,-0.589,1.188,-0.385,1.135,-0.152,1.072,0.104,1.061,0.152,1.004,0.361,0.979,0.441,0.957,0.506,0.935,0.559,0.912,0.602,0.899,0.619,0.884,0.635,0.869,0.648,0.852,0.66,0.836,0.669,0.819,0.675,0.801,0.678,0.783,0.68,0.769,0.679,0.756,0.677,0.744,0.672,0.732,0.664,0.722,0.657,0.713,0.646,0.709,0.639,0.707,0.631,0.709,0.613,0.714,0.603,0.724,0.593,0.738,0.583,0.756,0.574,0.776,0.564,0.793,0.549,0.808,0.531,0.82,0.51,0.831,0.485,0.838,0.46,0.842,0.434,0.844,0.408,0.84,0.387,0.834,0.363,0.822,0.336,0.805,0.311,0.78,0.287,0.748,0.268,0.728,0.26,0.705,0.254,0.677,0.251,0.645,0.25,0.61,0.255,0.577,0.267,0.545,0.286,0.514,0.313,0.487,0.345,0.468,0.379,0.456,0.416,0.451,0.455,0.453,0.494,0.458,0.531,0.465,0.565,0.476,0.597,0.489,0.626,0.505,0.653,0.523,0.677,0.545,0.699,0.569,0.719,0.594,0.736,0.621,0.75,0.649,0.762,0.68,0.771,0.711,0.778,0.744,0.782,0.779,0.783,0.825,0.782,0.868,0.776,0.909,0.766,0.947,0.752,0.985,0.732,1.023,0.707,1.062,0.676,1.1,0.641,1.132,0.603,1.165,0.558,1.197,0.505,1.23,0.443,1.263,0.375,1.296,0.303,1.359,0.146,1.419,-0.017,1.475,-0.18,1.525,-0.336,1.568,-0.477,1.619,-0.662,1.668,-0.824,1.668,-0.832,1.961,-0.832,1.977,-0.835,1.989,-0.843,1.997,-0.855,2,-0.871,2,-0.961,1.997,-0.977,1.989,-0.989,1.977,-0.997,1.961,-1,1.721,-1,1.725,-1.012,1.791,-1.26,1.818,-1.347,1.842,-1.412,1.863,-1.46,1.883,-1.496,1.908,-1.524,1.939,-1.551,1.958,-1.563,1.975,-1.571,1.992,-1.575,2.008,-1.576,2.037,-1.57,2.046,-1.566,2.055,-1.56,2.062,-1.551,2.068,-1.539,2.071,-1.526,2.072,-1.508,2.071,-1.497,2.065,-1.487,2.057,-1.477,2.045,-1.467,2.031,-1.455,2.02,-1.442,2.01,-1.427,2.002,-1.41,1.995,-1.392,1.991,-1.373,1.988,-1.354,1.988,-1.336,1.99,-1.307,1.996,-1.277,2.007,-1.248,2.025,-1.221,2.037,-1.209,2.05,-1.199,2.064,-1.19,2.08,-1.184,2.093,-1.178,2.108,-1.175,2.145,-1.172,2.166,-1.173,2.191,-1.178,2.218,-1.187,2.248,-1.199,2.262,-1.207,2.276,-1.218,2.29,-1.231,2.303,-1.246,2.325,-1.28,2.34,-1.316,2.345,-1.335,2.349,-1.357,2.352,-1.408,2.349,-1.437,2.342,-1.467,2.33,-1.499,2.313,-1.531,2.295,-1.554,2.273,-1.576,2.247,-1.599,2.215,-1.621,2.179,-1.642,2.14,-1.659,2.098,-1.673,2.053,-1.684,2.014,-1.687,1.963,-1.688,1.932,-1.686,1.898,-1.68,1.859,-1.671,1.816,-1.658,1.771,-1.639,1.726,-1.613,1.679,-1.579,1.633,-1.539,1.593,-1.498,1.555,-1.451,1.518,-1.396,1.482,-1.334,1.448,-1.265,1.414,-1.187,1.38,-1.101,1.348,-1.008,1.344,-1,0.721,-1,0.725,-1.012
leland E530 3.348,-1.428,3.334,-1.48,3.322,-1.512,3.305,-1.545,3.291,-1.563,3.272,-1.583,3.247,-1.603,3.217,-1.625,3.182,-1.646,3.144,-1.663,3.102,-1.677,3.057,-1.688,2.99,-1.691,2.932,-1.688,2.877,-1.68,2.847,-1.671,2.816,-1.66,2.756,-1.631,2.724,-1.611,2.691,-1.588,2.658,-1.562,2.623,-1.531,2.588,-1.494,2.553,-1.449,2.518,-1.395,2.482,-1.334,2.448,-1.265,2.414,-1.187,2.38,-1.101,2.348,-1.008,2.344,-1,1.721,-1,1.725,-1.016,1.791,-1.262,1.818,-1.348,1.842,-1.412,1.863,-1.46,1.883,-1.496,1.908,-1.524,1.939,-1.551,1.958,-1.563,1.975,-1.571,1.992,-1.575,2.008,-1.576,2.037,-1.57,2.046,-1.566,2.055,-1.56,2.062,-1.551,2.068,-1.539,2.071,-1.526,2.072,-1.508,2.071,-1.497,2.065,-1.487,2.057,-1.477,2.045,-1.467,2.031,-1.455,2.02,-1.442,2.01,-1.427,2.002,-1.41,1.995,-1.392,1.991,-1.373,1.988,-1.354,1.988,-1.336,1.99,-1.307,1.996,-1.277,2.007,-1.248,2.025,-1.221,2.037,-1.209,2.05,-1.199,2.064,-1.19,2.08,-1.184,2.093,-1.178,2.108,-1.175,2.145,-1.172,2.166,-1.173,2.191,-1.178,2.218,-1.187,2.248,-1.199,2.263,-1.207,2.277,-1.218,2.305,-1.246,2.328,-1.28,2.344,-1.316,2.351,-1.352,2.354,-1.4,2.35,-1.43,2.342,-1.461,2.33,-1.495,2.313,-1.531,2.295,-1.554,2.273,-1.576,2.247,-1.599,2.215,-1.621,2.179,-1.642,2.14,-1.659,2.098,-1.673,2.053,-1.684,2.014,-1.687,1.963,-1.688,1.932,-1.686,1.898,-1.68,1.859,-1.671,1.816,-1.658,1.771,-1.639,1.726,-1.613,1.679,-1.579,1.633,-1.539,1.593,-1.498,1.555,-1.451,1.518,-1.396,1.482,-1.334,1.448,-1.265,1.414,-1.187,1.38,-1.101,1.348,-1.008,1.344,-1,0.721,-1,0.725,-1.016,0.791,-1.262,0.818,-1.348,0.842,-1.412,0.863,-1.46,0.883,-1.496,0.908,-1.524,0.939,-1.551,0.958,-1.563,0.975,-1.571,0.992,-1.575,1.008,-1.576,1.037,-1.57,1.046,-1.566,1.055,-1.56,1.062,-1.551,1.068,-1.539,1.071,-1.526,1.072,-1.508,1.071,-1.497,1.065,-1.487,1.057,-1.477,1.045,-1.467,1.031,-1.455,1.02,-1.442,1.01,-1.427,1.002,-1.41,0.995,-1.392,0.991,-1.373,0.988,-1.354,0.988,-1.336,0.99,-1.307,0.996,-1.277,1.007,-1.248,1.025,-1.221,1.037,-1.209,1.05,-1.199,1.064,-1.19,1.08,-1.184,1.093,-1.178,1.108,-1.175,1.145,-1.172,1.166,-1.173,1.191,-1.178,1.218,-1.187,1.248,-1.199,1.262,-1.207,1.276,-1.218,1.29,-1.231,1.303,-1.246,1.325,-1.28,1.34,-1.316,1.345,-1.335,1.349,-1.357,1.352,-1.408,1.349,-1.437,1.342,-1.467,1.33,-1.499,1.313,-1.531,1.295,-1.554,1.273,-1.576,1.247,-1.599,1.215,-1.621,1.179,-1.642,1.14,-1.659,1.098,-1.673,1.053,-1.684,1.014,-1.687,0.963,-1.688,0.932,-1.686,0.898,-1.68,0.859,-1.671,0.816,-1.658,0.771,-1.639,0.726,-1.613,0.679,-1.579,0.633,-1.539,0.593,-1.498,0.555,-1.451,0.518,-1.396,0.482,-1.334,0.448,-1.265,0.414,-1.187,0.38,-1.101,0.348,-1.008,0.344,-1,0.039,-1,0.023,-0.997,0.011,-0.989,0.003,-0.977,0,-0.961,0,-0.871,0.003,-0.855,0.011,-0.843,0.023,-0.835,0.039,-0.832,0.293,-0.832,0.287,-0.816,0.233,-0.589,0.188,-0.385,0.135,-0.152,0.072,0.104,0.061,0.152,0.004,0.361,-0.021,0.441,-0.043,0.506,-0.065,0.559,-0.088,0.602,-0.101,0.619,-0.116,0.635,-0.131,0.648,-0.148,0.66,-0.164,0.669,-0.181,0.675,-0.199,0.678,-0.217,0.68,-0.231,0.679,-0.244,0.677,-0.256,0.672,-0.268,0.664,-0.278,0.657,-0.287,0.646,-0.291,0.639,-0.293,0.631,-0.291,0.613,-0.286,0.603,-0.276,0.593,-0.262,0.583,-0.244,0.574,-0.224,0.564,-0.207,0.549,-0.192,0.531,-0.18,0.51,-0.169,0.485,-0.162,0.46,-0.158,0.434,-0.156,0.408,-0.16,0.387,-0.166,0.363,-0.178,0.336,-0.195,0.311,-0.22,0.287,-0.252,0.268,-0.271,0.26,-0.292,0.254,-0.315,0.25,-0.34,0.248,-0.361,0.25,-0.381,0.254,-0.401,0.26,-0.42,0.268,-0.44,0.278,-0.46,0.292,-0.481,0.309,-0.502,0.33,-0.522,0.356,-0.536,0.386,-0.545,0.421,-0.549,0.461,-0.547,0.5,-0.542,0.536,-0.535,0.57,-0.524,0.601,-0.511,0.63,-0.495,0.656,-0.477,0.68,-0.455,0.701,-0.431,0.72,-0.406,0.737,-0.379,0.751,-0.351,0.763,-0.32,0.772,-0.289,0.778,-0.256,0.782,-0.221,0.783,-0.175,0.782,-0.132,0.776,-0.091,0.766,-0.053,0.752,-0.015,0.732,0.023,0.707,0.062,0.676,0.1,0.641,0.132,0.603,0.165,0.558,0.197,0.505,0.23,0.443,0.263,0.375,0.296,0.303,0.359,0.146,0.419,-0.017,0.475,-0.18,0.525,-0.336,0.568,-0.477,0.619,-0.662,0.668,-0.824,0.668,-0.832,1.293,-0.832,1.287,-0.816,1.233,-0.589,1.188,-0.385,1.135,-0.152,1.072,0.104,1.061,0.152,1.004,0.361,0.979,0.441,0.957,0.506,0.935,0.559,0.912,0.602,0.899,0.619,0.884,0.635,0.869,0.648,0.852,0.66,0.836,0.669,0.819,0.675,0.801,0.678,0.783,0.68,0.769,0.679,0.756,0.677,0.744,0.672,0.732,0.664,0.722,0.657,0.713,0.646,0.709,0.639,0.707,0.631,0.709,0.613,0.714,0.603,0.724,0.593,0.738,0.583,0.756,0.574,0.776,0.564,0.793,0.549,0.808,0.531,0.82,0.51,0.831,0.485,0.838,0.46,0.842,0.434,0.844,0.408,0.84,0.387,0.834,0.363,0.822,0.336,0.805,0.311,0.78,0.287,0.748,0.268,0.728,0.26,0.705,0.254,0.677,0.251,0.645,0.25,0.61,0.255,0.577,0.267,0.545,0.286,0.514,0.313,0.487,0.345,0.468,0.379,0.456,0.416,0.451,0.455,0.453,0.494,0.458,0.531,0.465,0.565,0.476,0.597,0.489,0.626,0.505,0.653,0.523,0.677,0.545,0.699,0.569,0.719,0.594,0.736,0.621,0.75,0.649,0.762,0.68,0.771,0.711,0.778,0.744,0.782,0.779,0.783,0.825,0.782,0.868,0.776,0.909,0.766,0.947,0.752,0.985,0.732,1.023,0.707,1.062,0.676,1.1,0.641,1.132,0.603,1.165,0.558,1.197,0.505,1.23,0.443,1.263,0.375,1.296,0.303,1.359,0.146,1.419,-0.017,1.475,-0.18,1.525,-0.336,1.568,-0.477,1.619,-0.662,1.668,-0.824,1.668,-0.832,2.305,-0.832,2.168,-0.297,2.121,-0.107,2.072,0.1,2.061,0.148,1.994,0.4,1.966,0.491,1.951,0.529,1.936,0.563,1.919,0.593,1.899,0.619,1.877,0.642,1.852,0.66,1.836,0.67,1.822,0.676,1.801,0.68,1.783,0.68,1.764,0.678,1.748,0.675,1.735,0.669,1.725,0.66,1.716,0.65,1.71,0.64,1.707,0.63,1.707,0.619,1.712,0.601,1.717,0.595,1.723,0.59,1.736,0.583,1.744,0.58,1.769,0.567,1.791,0.551,1.807,0.532,1.82,0.51,1.831,0.485,1.838,0.46,1.842,0.434,1.844,0.408,1.84,0.387,1.834,0.363,1.822,0.336,1.805,0.311,1.78,0.287,1.748,0.268,1.728,0.26,1.705,0.254,1.677,0.251,1.645,0.25,1.61,0.255,1.577,0.267,1.545,0.286,1.514,0.313,1.487,0.345,1.468,0.379,1.456,0.416,1.451,0.455,1.453,0.489,1.456,0.522,1.462,0.552,1.47,0.581,1.48,0.607,1.491,0.632,1.505,0.655,1.521,0.676,1.54,0.695,1.559,0.713,1.581,0.728,1.603,0.742,1.627,0.753,1.652,0.763,1.679,0.77,1.707,0.775,1.724,0.778,1.742,0.779,1.779,0.779,1.825,0.778,1.868,0.773,1.909,0.764,1.947,0.75,1.985,0.731,2.023,0.706,2.062,0.676,2.1,0.641,2.132,0.603,2.165,0.558,2.197,0.505,2.23,0.443,2.263,0.375,2.296,0.303,2.359,0.146,2.419,-0.017,2.475,-0.18,2.525,-0.336,2.568,-0.477,2.619,-0.662,2.668,-0.824,2.668,-0.828,2.672,-0.832,2.961,-0.832,2.977,-0.835,2.989,-0.843,2.997,-0.855,3,-0.871,3,-0.961,2.998,-0.977,2.99,-0.99,2.977,-1,2.961,-1.004,2.721,-1.004,2.725,-1.016,2.779,-1.217,2.802,-1.294,2.822,-1.357,2.859,-1.449,2.875,-1.481,2.893,-1.508,2.908,-1.527,2.928,-1.547,2.939,-1.556,2.955,-1.564,2.979,-1.572,3.01,-1.574,3.027,-1.573,3.041,-1.569,3.051,-1.563,3.059,-1.555,3.069,-1.537,3.072,-1.521,3.071,-1.507,3.068,-1.494,3.061,-1.483,3.049,-1.473,3.034,-1.459,3.022,-1.445,3.011,-1.429,3.002,-1.413,2.996,-1.396,2.991,-1.378,2.989,-1.359,2.988,-1.34,2.989,-1.308,2.996,-1.275,3.002,-1.257,3.012,-1.242,3.025,-1.227,3.041,-1.211,3.061,-1.196,3.08,-1.188,3.089,-1.183,3.102,-1.18,3.131,-1.176,3.152,-1.176,3.174,-1.176,3.197,-1.18,3.222,-1.188,3.248,-1.199,3.263,-1.207,3.277,-1.218,3.305,-1.246,3.328,-1.28,3.344,-1.316,3.349,-1.349,3.352,-1.385,3.348,-1.424,3.348,-1.428
leland E534 1.572,0.652,1.572,0.572,1.271,0.572,1.504,-0.072,1.516,-0.045,1.521,-0.029,1.532,-0.013,1.549,0.006,1.573,0.027,1.604,0.047,1.622,0.057,1.643,0.066,1.691,0.08,1.73,0.087,1.768,0.088,1.808,0.086,1.849,0.079,1.888,0.067,1.928,0.051,1.967,0.029,2.005,0.003,2.042,-0.026,2.078,-0.061,2.113,-0.099,2.146,-0.141,2.176,-0.186,2.203,-0.234,2.229,-0.287,2.253,-0.342,2.274,-0.4,2.293,-0.461,2.307,-0.522,2.317,-0.58,2.323,-0.634,2.324,-0.684,2.322,-0.73,2.316,-0.773,2.308,-0.811,2.297,-0.846,2.282,-0.877,2.267,-0.905,2.249,-0.929,2.23,-0.949,2.191,-0.983,2.154,-1.008,2.121,-1.025,2.094,-1.035,2.067,-1.041,2.035,-1.043,2.016,-1.042,1.996,-1.039,1.951,-1.025,1.906,-1.006,1.863,-0.982,1.824,-0.955,1.787,-0.926,1.729,-0.871,1.717,-0.859,1.707,-0.877,1.691,-0.898,1.646,-0.951,1.614,-0.981,1.576,-1.01,1.554,-1.022,1.532,-1.033,1.508,-1.042,1.484,-1.049,1.426,-1.051,1.406,-1.05,1.386,-1.047,1.364,-1.041,1.34,-1.031,1.315,-1.019,1.29,-1.003,1.265,-0.985,1.24,-0.963,1.215,-0.937,1.191,-0.906,1.167,-0.872,1.145,-0.834,1.121,-0.79,1.099,-0.742,1.078,-0.688,1.057,-0.629,1.129,-0.592,1.143,-0.639,1.166,-0.705,1.18,-0.741,1.195,-0.773,1.212,-0.805,1.23,-0.834,1.252,-0.86,1.279,-0.883,1.31,-0.901,1.34,-0.912,1.361,-0.912,1.376,-0.908,1.393,-0.898,1.4,-0.89,1.405,-0.878,1.408,-0.863,1.408,-0.844,1.404,-0.803,1.395,-0.758,1.365,-0.664,1.336,-0.582,1.316,-0.531,0.92,0.572,0.676,0.572,0.676,0.652,1.572,0.652|1.684,-0.049,1.668,-0.049,1.659,-0.05,1.652,-0.053,1.631,-0.063,1.613,-0.078,1.6,-0.096,1.59,-0.117,1.583,-0.141,1.579,-0.167,1.576,-0.195,1.576,-0.225,1.578,-0.269,1.582,-0.314,1.596,-0.402,1.611,-0.469,1.623,-0.5,1.638,-0.556,1.66,-0.613,1.689,-0.67,1.723,-0.723,1.76,-0.771,1.799,-0.814,1.84,-0.852,1.881,-0.881,1.9,-0.891,1.919,-0.898,1.937,-0.903,1.955,-0.904,1.975,-0.903,1.994,-0.898,2.004,-0.893,2.013,-0.885,2.021,-0.874,2.029,-0.859,2.036,-0.84,2.041,-0.817,2.043,-0.789,2.043,-0.756,2.038,-0.686,2.025,-0.617,2,-0.512,1.98,-0.447,1.957,-0.387,1.93,-0.326,1.9,-0.266,1.869,-0.209,1.835,-0.158,1.801,-0.115,1.764,-0.08,1.746,-0.067,1.729,-0.057,1.717,-0.052,1.705,-0.051,1.684,-0.049,1.684,-0.049|-0.336,0.24,-0.377,0.246,-0.416,0.258,-0.451,0.278,-0.482,0.305,-0.509,0.337,-0.528,0.372,-0.54,0.408,-0.545,0.447,-0.543,0.486,-0.538,0.522,-0.531,0.556,-0.521,0.588,-0.508,0.617,-0.493,0.644,-0.474,0.668,-0.453,0.689,-0.43,0.709,-0.405,0.725,-0.378,0.739,-0.35,0.751,-0.32,0.76,-0.289,0.766,-0.256,0.77,-0.221,0.771,-0.175,0.77,-0.132,0.765,-0.091,0.756,-0.053,0.742,-0.015,0.723,0.023,0.698,0.062,0.668,0.1,0.633,0.132,0.596,0.165,0.55,0.197,0.497,0.23,0.436,0.296,0.295,0.359,0.141,0.419,-0.023,0.473,-0.186,0.522,-0.34,0.564,-0.48,0.615,-0.662,0.664,-0.824,0.664,-0.832,0.951,-0.832,0.968,-0.835,0.981,-0.843,0.989,-0.855,0.992,-0.871,0.992,-0.961,0.989,-0.977,0.981,-0.989,0.968,-0.997,0.951,-1,0.717,-1,0.717,-1.012,0.783,-1.256,0.811,-1.341,0.834,-1.406,0.855,-1.456,0.875,-1.492,0.9,-1.521,0.932,-1.547,0.95,-1.559,0.967,-1.567,0.984,-1.571,1,-1.572,1.029,-1.566,1.039,-1.562,1.047,-1.556,1.054,-1.547,1.061,-1.535,1.063,-1.522,1.064,-1.504,1.063,-1.494,1.058,-1.484,1.05,-1.476,1.039,-1.469,1.025,-1.455,1.013,-1.439,1.003,-1.423,0.995,-1.406,0.989,-1.388,0.984,-1.369,0.98,-1.328,0.982,-1.3,0.988,-1.271,1,-1.244,1.018,-1.219,1.029,-1.208,1.042,-1.198,1.072,-1.184,1.086,-1.177,1.103,-1.173,1.145,-1.168,1.165,-1.169,1.188,-1.174,1.213,-1.183,1.24,-1.195,1.255,-1.203,1.269,-1.214,1.282,-1.227,1.295,-1.242,1.317,-1.276,1.332,-1.313,1.339,-1.348,1.342,-1.396,1.339,-1.426,1.331,-1.458,1.318,-1.491,1.301,-1.527,1.285,-1.55,1.264,-1.572,1.239,-1.595,1.209,-1.617,1.174,-1.638,1.136,-1.655,1.094,-1.669,1.049,-1.68,1.015,-1.683,0.98,-1.684,0.942,-1.682,0.902,-1.677,0.86,-1.668,0.816,-1.654,0.769,-1.633,0.717,-1.602,0.661,-1.561,0.6,-1.51,0.568,-1.477,0.536,-1.436,0.504,-1.386,0.472,-1.328,0.44,-1.261,0.408,-1.185,0.376,-1.101,0.344,-1.008,0.344,-1,0.039,-1,0.023,-0.997,0.011,-0.989,0.003,-0.977,0,-0.961,0,-0.871,0.003,-0.855,0.011,-0.843,0.023,-0.835,0.039,-0.832,0.287,-0.832,0.287,-0.816,0.232,-0.59,0.188,-0.389,0.163,-0.276,0.135,-0.16,0.072,0.096,0.061,0.145,0.004,0.354,-0.019,0.434,-0.041,0.498,-0.063,0.551,-0.086,0.594,-0.113,0.626,-0.127,0.64,-0.143,0.65,-0.159,0.66,-0.177,0.667,-0.195,0.671,-0.213,0.672,-0.242,0.668,-0.254,0.664,-0.266,0.658,-0.275,0.65,-0.282,0.64,-0.286,0.628,-0.287,0.615,-0.285,0.598,-0.282,0.59,-0.273,0.582,-0.26,0.573,-0.242,0.564,-0.223,0.553,-0.206,0.538,-0.192,0.52,-0.18,0.498,-0.169,0.474,-0.162,0.45,-0.158,0.426,-0.156,0.4,-0.16,0.379,-0.166,0.355,-0.178,0.329,-0.195,0.303,-0.218,0.279,-0.248,0.26,-0.267,0.252,-0.288,0.246,-0.311,0.242,-0.336,0.24
leland EAA4 0.934,-0.809,0.918,-0.824,0.879,-0.861,0.857,-0.876,0.847,-0.88,0.838,-0.881,0.822,-0.878,0.811,-0.869,0.766,-0.824,0.754,-0.815,0.742,-0.813,0.732,-0.813,0.725,-0.816,0.717,-0.824,0.678,-0.857,0.584,-0.936,0.484,-1.021,0.445,-1.057,0.422,-1.08,0.389,-1.1,0.357,-1.113,0.326,-1.121,0.295,-1.123,0.263,-1.12,0.232,-1.115,0.204,-1.106,0.178,-1.094,0.132,-1.066,0.115,-1.053,0.102,-1.039,-0.09,-0.848,-0.103,-0.832,-0.106,-0.824,-0.107,-0.816,-0.104,-0.802,-0.1,-0.791,-0.092,-0.779,-0.076,-0.762,-0.058,-0.744,-0.033,-0.725,-0.016,-0.711,-0.008,-0.708,0,-0.707,0.016,-0.71,0.027,-0.719,0.074,-0.764,0.086,-0.772,0.098,-0.775,0.115,-0.77,0.125,-0.764,0.164,-0.729,0.256,-0.648,0.357,-0.564,0.397,-0.531,0.422,-0.512,0.455,-0.492,0.487,-0.479,0.519,-0.471,0.551,-0.469,0.58,-0.471,0.609,-0.477,0.636,-0.485,0.662,-0.496,0.708,-0.523,0.726,-0.537,0.742,-0.553,0.934,-0.744,0.945,-0.761,0.949,-0.775,0.946,-0.788,0.941,-0.797,0.934,-0.809
maestro 0021 1.276,-1.004,1.276,-0.428,0.004,-0.428,0.004,-1.004,1.276,-1.004
maestro 0023 0.288,-0.248,0.288,0.348,0.68,0.22,0.68,-0.376,0.288,-0.248|0.172,-0.624,0.172,-1.276,0.288,-1.276,0.288,-0.664,0.68,-0.792,0.68,-1.376,0.796,-1.376,0.796,-0.828,0.952,-0.88,0.952,-0.464,0.796,-0.412,0.796,0.18,0.952,0.132,0.952,0.544,0.796,0.596,0.796,1.248,0.68,1.248,0.68,0.632,0.288,0.76,0.288,1.352,0.172,1.352,0.172,0.8,0,0.856,0,0.44,0.172,0.384,0.172,-0.212,0,-0.156,0,-0.568,0.172,-0.624
maestro 0026 1.864,1.008,1.807,1.017,1.749,1.024,1.689,1.029,1.628,1.032,1.502,1.033,1.38,1.028,1.265,1.015,1.16,1,1.11,0.989,1.066,0.977,1.026,0.963,0.992,0.948,0.917,0.911,0.845,0.873,0.778,0.835,0.714,0.796,0.654,0.757,0.598,0.717,0.545,0.677,0.496,0.636,0.449,0.594,0.405,0.551,0.364,0.508,0.326,0.465,0.29,0.421,0.257,0.377,0.227,0.333,0.2,0.288,0.152,0.198,0.112,0.106,0.08,0.014,0.056,-0.08,0.036,-0.176,0.02,-0.272,0.008,-0.368,0,-0.464,-0.003,-0.516,-0.004,-0.568,-0.002,-0.62,0.001,-0.672,0.007,-0.724,0.014,-0.776,0.024,-0.828,0.036,-0.88,0.066,-0.983,0.101,-1.083,0.14,-1.181,0.184,-1.276,0.234,-1.37,0.286,-1.46,0.342,-1.546,0.4,-1.628,0.462,-1.706,0.524,-1.778,0.586,-1.845,0.648,-1.908,0.795,-2.043,0.948,-2.176,1.115,-2.313,1.296,-2.452,1.288,-2.544,1.272,-2.624,1.256,-2.72,1.246,-2.778,1.24,-2.848,1.238,-2.893,1.232,-2.964,1.226,-3.06,1.224,-3.172,1.223,-3.304,1.228,-3.452,1.234,-3.531,1.242,-3.611,1.253,-3.693,1.268,-3.776,1.281,-3.829,1.299,-3.889,1.323,-3.955,1.352,-4.028,1.387,-4.105,1.425,-4.181,1.465,-4.255,1.508,-4.328,1.554,-4.398,1.602,-4.462,1.651,-4.522,1.7,-4.576,1.725,-4.6,1.749,-4.622,1.773,-4.639,1.797,-4.654,1.82,-4.665,1.843,-4.674,1.866,-4.678,1.888,-4.68,1.911,-4.677,1.934,-4.667,1.959,-4.651,1.984,-4.628,2.01,-4.598,2.035,-4.564,2.06,-4.526,2.084,-4.484,2.135,-4.387,2.184,-4.28,2.229,-4.163,2.268,-4.044,2.3,-3.925,2.324,-3.808,2.343,-3.699,2.349,-3.65,2.352,-3.604,2.352,-3.503,2.35,-3.409,2.345,-3.321,2.336,-3.24,2.325,-3.162,2.311,-3.089,2.295,-3.02,2.276,-2.956,2.255,-2.894,2.233,-2.834,2.209,-2.777,2.184,-2.724,2.068,-2.508,2.004,-2.407,1.972,-2.362,1.94,-2.32,1.804,-2.152,1.768,-2.11,1.731,-2.072,1.694,-2.038,1.656,-2.008,1.577,-1.946,1.5,-1.88,1.564,-1.512,1.588,-1.372,1.608,-1.248,1.624,-1.152,1.632,-1.104,1.68,-1.109,1.729,-1.111,1.778,-1.111,1.828,-1.108,1.929,-1.094,2.024,-1.076,2.07,-1.065,2.114,-1.053,2.155,-1.039,2.192,-1.024,2.26,-0.993,2.312,-0.964,2.364,-0.923,2.412,-0.881,2.456,-0.838,2.496,-0.793,2.532,-0.747,2.564,-0.699,2.592,-0.65,2.616,-0.6,2.638,-0.548,2.657,-0.495,2.674,-0.443,2.689,-0.39,2.701,-0.337,2.711,-0.283,2.719,-0.23,2.724,-0.176,2.727,-0.092,2.723,-0.008,2.713,0.076,2.696,0.16,2.673,0.245,2.643,0.327,2.607,0.407,2.564,0.484,2.513,0.56,2.455,0.633,2.391,0.702,2.32,0.768,2.281,0.799,2.241,0.829,2.199,0.858,2.155,0.885,2.063,0.935,1.964,0.98,2.008,1.284,2.044,1.516,2.068,1.676,2.083,1.791,2.093,1.894,2.097,1.987,2.096,2.068,2.089,2.142,2.077,2.209,2.059,2.268,2.048,2.295,2.036,2.32,1.989,2.399,1.936,2.476,1.905,2.513,1.871,2.548,1.835,2.581,1.796,2.612,1.755,2.641,1.71,2.667,1.663,2.691,1.612,2.712,1.556,2.73,1.497,2.744,1.434,2.754,1.368,2.76,1.314,2.762,1.254,2.76,1.189,2.754,1.12,2.744,1.049,2.728,0.979,2.707,0.911,2.682,0.844,2.652,0.78,2.615,0.721,2.573,0.666,2.525,0.616,2.472,0.593,2.443,0.573,2.413,0.556,2.381,0.541,2.347,0.529,2.312,0.519,2.275,0.512,2.236,0.508,2.196,0.506,2.148,0.507,2.1,0.512,2.052,0.52,2.004,0.532,1.956,0.547,1.91,0.566,1.867,0.588,1.828,0.616,1.79,0.647,1.755,0.682,1.724,0.72,1.696,0.764,1.673,0.813,1.655,0.866,1.643,0.924,1.636,0.96,1.636,0.996,1.639,1.032,1.646,1.068,1.656,1.105,1.671,1.141,1.689,1.175,1.709,1.208,1.732,1.238,1.758,1.266,1.786,1.291,1.817,1.312,1.852,1.33,1.889,1.344,1.927,1.354,1.967,1.36,2.008,1.361,2.045,1.359,2.081,1.353,2.117,1.343,2.153,1.33,2.188,1.313,2.223,1.292,2.258,1.268,2.292,1.24,2.326,1.207,2.358,1.17,2.387,1.128,2.414,1.082,2.439,1.031,2.461,0.976,2.482,0.916,2.5,0.941,2.527,0.974,2.554,1.016,2.579,1.068,2.604,1.097,2.616,1.128,2.627,1.194,2.643,1.268,2.653,1.348,2.656,1.392,2.654,1.435,2.649,1.478,2.641,1.52,2.63,1.562,2.615,1.603,2.598,1.644,2.576,1.684,2.552,1.724,2.525,1.761,2.497,1.796,2.467,1.829,2.435,1.859,2.402,1.887,2.367,1.913,2.33,1.936,2.292,1.949,2.265,1.961,2.236,1.97,2.206,1.978,2.173,1.984,2.139,1.988,2.102,1.992,2.024,1.991,1.94,1.987,1.856,1.981,1.772,1.972,1.688,1.962,1.64,1.948,1.552,1.912,1.32,1.864,1.008|1.948,-4.06,1.91,-4.058,1.872,-4.051,1.837,-4.04,1.802,-4.024,1.769,-4.004,1.737,-3.979,1.706,-3.95,1.676,-3.916,1.647,-3.878,1.619,-3.837,1.593,-3.794,1.568,-3.749,1.545,-3.701,1.523,-3.651,1.503,-3.599,1.484,-3.544,1.449,-3.429,1.421,-3.309,1.399,-3.183,1.384,-3.052,1.376,-2.919,1.375,-2.789,1.382,-2.661,1.396,-2.536,1.463,-2.589,1.531,-2.646,1.601,-2.708,1.672,-2.776,1.742,-2.849,1.809,-2.924,1.872,-3.001,1.932,-3.08,1.989,-3.16,2.04,-3.241,2.085,-3.322,2.124,-3.404,2.142,-3.445,2.157,-3.485,2.169,-3.525,2.178,-3.564,2.185,-3.603,2.188,-3.641,2.19,-3.679,2.188,-3.716,2.182,-3.767,2.172,-3.824,2.165,-3.853,2.156,-3.882,2.145,-3.909,2.132,-3.936,2.117,-3.961,2.1,-3.984,2.081,-4.005,2.06,-4.024,2.036,-4.04,2.01,-4.051,1.98,-4.058,1.948,-4.06|1.94,0.844,2.021,0.812,2.058,0.794,2.093,0.775,2.125,0.755,2.155,0.734,2.183,0.711,2.208,0.688,2.253,0.639,2.291,0.588,2.323,0.535,2.348,0.48,2.369,0.424,2.385,0.368,2.395,0.312,2.4,0.256,2.405,0.15,2.404,0.056,2.392,-0.025,2.372,-0.124,2.355,-0.177,2.333,-0.23,2.305,-0.282,2.272,-0.332,2.253,-0.356,2.232,-0.38,2.21,-0.402,2.185,-0.423,2.159,-0.443,2.13,-0.462,2.068,-0.496,2.034,-0.512,1.997,-0.525,1.957,-0.536,1.914,-0.544,1.869,-0.55,1.821,-0.553,1.77,-0.554,1.716,-0.552,1.94,0.844|1.612,-0.544,1.534,-0.537,1.463,-0.524,1.4,-0.505,1.371,-0.493,1.344,-0.48,1.293,-0.449,1.248,-0.415,1.209,-0.379,1.176,-0.34,1.147,-0.298,1.123,-0.254,1.105,-0.209,1.092,-0.164,1.082,-0.119,1.075,-0.077,1.072,-0.037,1.072,-0,1.076,0.036,1.082,0.073,1.092,0.11,1.104,0.148,1.119,0.185,1.136,0.221,1.155,0.255,1.176,0.288,1.225,0.352,1.276,0.408,1.304,0.434,1.332,0.457,1.36,0.476,1.388,0.492,1.376,0.504,1.36,0.52,1.348,0.536,1.288,0.505,1.232,0.471,1.18,0.435,1.132,0.396,1.053,0.324,1.026,0.297,1.008,0.276,0.932,0.168,0.903,0.119,0.88,0.068,0.862,0.01,0.848,-0.052,0.841,-0.086,0.835,-0.122,0.828,-0.204,0.826,-0.247,0.827,-0.29,0.832,-0.335,0.84,-0.38,0.851,-0.428,0.866,-0.476,0.883,-0.524,0.904,-0.572,0.929,-0.619,0.958,-0.666,0.989,-0.711,1.024,-0.756,1.064,-0.801,1.106,-0.845,1.151,-0.887,1.2,-0.928,1.249,-0.964,1.292,-0.992,1.372,-1.032,1.408,-1.049,1.444,-1.06,1.528,-1.084,1.408,-1.808,1.345,-1.766,1.252,-1.696,1.139,-1.604,1.016,-1.496,0.889,-1.376,0.764,-1.248,0.703,-1.181,0.648,-1.115,0.599,-1.051,0.556,-0.988,0.488,-0.876,0.428,-0.769,0.376,-0.666,0.332,-0.568,0.314,-0.52,0.298,-0.47,0.286,-0.419,0.277,-0.368,0.271,-0.315,0.268,-0.262,0.269,-0.207,0.272,-0.152,0.278,-0.09,0.287,-0.028,0.301,0.032,0.318,0.091,0.339,0.149,0.363,0.206,0.392,0.261,0.424,0.316,0.46,0.37,0.499,0.421,0.54,0.471,0.583,0.518,0.629,0.563,0.677,0.605,0.727,0.646,0.78,0.684,0.835,0.72,0.892,0.752,0.95,0.782,1.011,0.809,1.073,0.833,1.138,0.854,1.204,0.873,1.272,0.888,1.341,0.901,1.411,0.91,1.482,0.914,1.553,0.915,1.625,0.911,1.697,0.904,1.77,0.892,1.844,0.876,1.728,0.168,1.684,-0.092,1.648,-0.32,1.631,-0.41,1.62,-0.48,1.612,-0.544
maestro 002D 0,-0.06,0,-0.188,1.144,-0.188,1.144,-0.06,0,-0.06
maestro 002E 0.124,-0.08,0.128,-0.12,0.132,-0.139,0.139,-0.157,0.147,-0.174,0.158,-0.19,0.184,-0.22,0.199,-0.234,0.216,-0.246,0.233,-0.257,0.251,-0.265,0.27,-0.272,0.29,-0.276,0.332,-0.28,0.374,-0.276,0.413,-0.266,0.448,-0.249,0.48,-0.224,0.506,-0.192,0.517,-0.176,0.525,-0.158,0.532,-0.14,0.536,-0.12,0.54,-0.08,0.536,-0.04,0.532,-0.02,0.525,-0.002,0.517,0.016,0.506,0.032,0.48,0.064,0.465,0.078,0.448,0.09,0.431,0.101,0.413,0.109,0.394,0.116,0.374,0.12,0.332,0.124,0.29,0.12,0.27,0.116,0.251,0.109,0.233,0.101,0.216,0.09,0.199,0.078,0.184,0.064,0.158,0.032,0.147,0.016,0.139,-0.002,0.132,-0.02,0.128,-0.04,0.124,-0.08
maestro 0034 1.332,0.44,1.332,0.704,1.334,0.732,1.339,0.757,1.348,0.778,1.36,0.796,1.375,0.811,1.39,0.824,1.406,0.835,1.424,0.844,1.446,0.851,1.47,0.856,1.495,0.859,1.52,0.86,1.52,0.964,0.652,0.964,0.652,0.86,0.678,0.859,0.702,0.856,0.725,0.851,0.748,0.844,0.766,0.837,0.782,0.828,0.798,0.817,0.812,0.804,0.826,0.786,0.836,0.765,0.842,0.74,0.844,0.712,0.844,0.44,0.104,0.44,0.032,0.364,0.236,0.08,0.313,-0.039,0.376,-0.148,0.43,-0.248,0.472,-0.34,0.506,-0.433,0.536,-0.528,0.562,-0.628,0.584,-0.736,0.636,-1,1.328,-1,1.294,-0.939,1.252,-0.874,1.202,-0.803,1.144,-0.728,1.009,-0.564,0.86,-0.392,0.701,-0.211,0.536,-0.028,0.374,0.155,0.224,0.328,0.844,0.328,0.844,-0.164,1.332,-0.7,1.332,0.328,1.62,0.328,1.62,0.44,1.332,0.44
maestro 0036 1.5,0.372,1.499,0.411,1.496,0.449,1.491,0.486,1.484,0.522,1.475,0.556,1.464,0.59,1.451,0.621,1.436,0.652,1.4,0.71,1.358,0.762,1.311,0.809,1.26,0.852,1.204,0.891,1.145,0.925,1.082,0.953,1.016,0.976,0.947,0.995,0.878,1.009,0.808,1.017,0.736,1.02,0.686,1.016,0.624,1.004,0.551,0.98,0.476,0.948,0.438,0.929,0.401,0.908,0.328,0.86,0.294,0.833,0.262,0.805,0.234,0.775,0.208,0.744,0.172,0.69,0.137,0.629,0.102,0.56,0.068,0.484,0.051,0.443,0.036,0.4,0.024,0.356,0.013,0.309,0.005,0.261,-0.002,0.21,-0.006,0.158,-0.008,0.104,-0.008,0.038,-0.004,-0.027,0.004,-0.092,0.016,-0.156,0.031,-0.219,0.047,-0.279,0.065,-0.337,0.084,-0.392,0.129,-0.493,0.152,-0.538,0.176,-0.58,0.202,-0.62,0.227,-0.655,0.252,-0.686,0.276,-0.712,0.339,-0.768,0.4,-0.816,0.43,-0.839,0.461,-0.859,0.492,-0.877,0.524,-0.892,0.559,-0.905,0.595,-0.916,0.633,-0.925,0.672,-0.932,0.715,-0.939,0.761,-0.944,0.809,-0.947,0.86,-0.948,0.901,-0.947,0.944,-0.942,0.989,-0.934,1.036,-0.924,1.085,-0.909,1.132,-0.891,1.177,-0.871,1.22,-0.848,1.26,-0.821,1.297,-0.791,1.33,-0.759,1.36,-0.724,1.386,-0.685,1.405,-0.643,1.416,-0.599,1.42,-0.552,1.417,-0.507,1.408,-0.46,1.401,-0.435,1.392,-0.41,1.381,-0.387,1.368,-0.364,1.353,-0.343,1.336,-0.324,1.317,-0.307,1.296,-0.292,1.273,-0.28,1.247,-0.271,1.219,-0.266,1.188,-0.264,1.144,-0.266,1.104,-0.273,1.068,-0.284,1.036,-0.3,1.006,-0.319,0.98,-0.339,0.958,-0.361,0.94,-0.384,0.924,-0.41,0.91,-0.436,0.9,-0.462,0.892,-0.488,0.887,-0.513,0.886,-0.535,0.887,-0.555,0.892,-0.572,0.907,-0.616,0.92,-0.644,0.935,-0.661,0.948,-0.672,0.959,-0.685,0.968,-0.7,0.975,-0.723,0.98,-0.76,0.977,-0.774,0.969,-0.789,0.955,-0.804,0.936,-0.82,0.913,-0.836,0.888,-0.847,0.861,-0.854,0.832,-0.856,0.807,-0.855,0.783,-0.852,0.76,-0.846,0.737,-0.839,0.715,-0.829,0.693,-0.818,0.672,-0.804,0.652,-0.788,0.633,-0.768,0.615,-0.744,0.599,-0.716,0.584,-0.684,0.571,-0.648,0.559,-0.608,0.549,-0.564,0.54,-0.516,0.52,-0.416,0.509,-0.35,0.5,-0.28,0.49,-0.207,0.484,-0.132,0.479,-0.054,0.48,0.02,0.549,-0.023,0.612,-0.056,0.642,-0.071,0.673,-0.084,0.704,-0.095,0.736,-0.104,0.801,-0.117,0.868,-0.124,0.94,-0.127,1.02,-0.128,1.071,-0.125,1.12,-0.117,1.167,-0.103,1.212,-0.084,1.255,-0.06,1.294,-0.033,1.331,-0.002,1.364,0.032,1.394,0.069,1.421,0.108,1.444,0.149,1.464,0.192,1.48,0.238,1.491,0.283,1.498,0.328,1.5,0.372|0.508,0.516,0.511,0.56,0.52,0.62,0.536,0.688,0.56,0.756,0.577,0.789,0.595,0.819,0.615,0.847,0.636,0.872,0.66,0.895,0.686,0.911,0.715,0.921,0.748,0.924,0.786,0.92,0.821,0.91,0.852,0.892,0.88,0.868,0.906,0.836,0.93,0.802,0.951,0.765,0.968,0.724,0.983,0.682,0.995,0.639,1.005,0.596,1.012,0.552,1.02,0.466,1.021,0.428,1.02,0.392,1.017,0.35,1.008,0.296,0.999,0.266,0.988,0.237,0.975,0.208,0.96,0.18,0.941,0.153,0.92,0.129,0.897,0.107,0.872,0.088,0.844,0.071,0.813,0.061,0.778,0.057,0.74,0.06,0.698,0.069,0.662,0.083,0.631,0.103,0.604,0.128,0.582,0.159,0.563,0.192,0.548,0.227,0.536,0.264,0.52,0.338,0.512,0.408,0.508,0.516
maestro 003E 0.004,-0.164,1.208,-0.612,0.004,-1.06,0.004,-1.22,1.592,-0.612,0.004,-0.004,0.004,-0.164
maestro 003F 2.008,1.048,1.94,1.172,1.868,1.28,1.831,1.331,1.792,1.38,1.749,1.434,1.7,1.492,1.604,1.6,1.512,1.692,1.463,1.735,1.412,1.776,1.357,1.821,1.296,1.868,1.219,1.924,1.148,1.972,1.077,2.014,1.008,2.052,0.935,2.086,0.86,2.116,0.692,2.184,0.596,2.218,0.492,2.248,0.383,2.277,0.28,2.3,0.048,2.344,0.02,2.284,0.114,2.251,0.208,2.215,0.302,2.177,0.396,2.136,0.475,2.098,0.556,2.057,0.639,2.012,0.724,1.964,0.809,1.91,0.888,1.853,0.961,1.792,1.028,1.728,1.107,1.641,1.18,1.552,1.249,1.46,1.313,1.367,1.372,1.271,1.426,1.174,1.476,1.074,1.52,0.972,1.559,0.866,1.593,0.757,1.621,0.644,1.644,0.528,1.661,0.408,1.673,0.285,1.679,0.158,1.68,0.028,1.679,-0.034,1.674,-0.101,1.666,-0.172,1.656,-0.248,1.64,-0.325,1.619,-0.4,1.594,-0.473,1.564,-0.544,1.527,-0.612,1.484,-0.674,1.435,-0.732,1.38,-0.784,1.349,-0.807,1.316,-0.828,1.28,-0.845,1.243,-0.859,1.203,-0.87,1.162,-0.878,1.118,-0.882,1.072,-0.884,1.017,-0.881,0.961,-0.873,0.903,-0.859,0.844,-0.84,0.784,-0.816,0.726,-0.789,0.672,-0.758,0.62,-0.724,0.572,-0.684,0.529,-0.642,0.49,-0.596,0.456,-0.548,0.441,-0.522,0.429,-0.495,0.419,-0.468,0.411,-0.441,0.406,-0.413,0.403,-0.385,0.402,-0.357,0.404,-0.328,0.407,-0.321,0.412,-0.317,0.419,-0.315,0.428,-0.316,0.492,-0.336,0.596,-0.36,0.629,-0.365,0.665,-0.368,0.703,-0.369,0.744,-0.368,0.786,-0.363,0.826,-0.353,0.863,-0.337,0.896,-0.316,0.927,-0.289,0.954,-0.258,0.979,-0.225,1,-0.188,1.018,-0.149,1.033,-0.109,1.044,-0.067,1.052,-0.024,1.056,0.022,1.056,0.066,1.052,0.109,1.044,0.152,1.035,0.184,1.025,0.214,1.013,0.243,0.999,0.27,0.984,0.295,0.967,0.319,0.948,0.34,0.928,0.36,0.905,0.379,0.88,0.395,0.853,0.409,0.824,0.42,0.793,0.429,0.76,0.435,0.725,0.439,0.688,0.44,0.641,0.438,0.594,0.432,0.549,0.422,0.504,0.408,0.46,0.389,0.418,0.366,0.38,0.34,0.344,0.312,0.312,0.278,0.283,0.242,0.258,0.203,0.236,0.16,0.217,0.112,0.203,0.062,0.195,0.009,0.192,-0.048,0.193,-0.132,0.199,-0.21,0.211,-0.283,0.228,-0.352,0.251,-0.416,0.276,-0.475,0.303,-0.53,0.332,-0.58,0.364,-0.626,0.397,-0.667,0.43,-0.704,0.464,-0.736,0.533,-0.793,0.565,-0.816,0.596,-0.836,0.67,-0.878,0.745,-0.913,0.82,-0.94,0.896,-0.96,0.971,-0.976,1.044,-0.988,1.115,-0.996,1.184,-1,1.26,-0.997,1.336,-0.988,1.412,-0.973,1.488,-0.952,1.565,-0.924,1.639,-0.89,1.711,-0.851,1.78,-0.808,1.846,-0.758,1.909,-0.704,1.968,-0.646,2.024,-0.584,2.075,-0.516,2.119,-0.445,2.157,-0.37,2.188,-0.292,2.204,-0.247,2.218,-0.201,2.229,-0.154,2.239,-0.107,2.246,-0.059,2.252,-0.011,2.255,0.038,2.256,0.088,2.254,0.192,2.246,0.3,2.23,0.412,2.208,0.528,2.191,0.604,2.172,0.672,2.151,0.735,2.128,0.796,2.076,0.916,2.008,1.048|2.412,-0.492,2.412,-0.515,2.414,-0.536,2.419,-0.557,2.425,-0.576,2.434,-0.595,2.444,-0.612,2.457,-0.628,2.472,-0.644,2.488,-0.659,2.506,-0.672,2.524,-0.683,2.543,-0.692,2.563,-0.699,2.584,-0.704,2.605,-0.707,2.628,-0.708,2.651,-0.708,2.672,-0.706,2.693,-0.702,2.713,-0.696,2.732,-0.688,2.75,-0.678,2.768,-0.666,2.784,-0.652,2.8,-0.637,2.814,-0.62,2.825,-0.603,2.835,-0.584,2.842,-0.564,2.848,-0.544,2.851,-0.522,2.852,-0.5,2.852,-0.477,2.85,-0.456,2.845,-0.435,2.839,-0.415,2.83,-0.396,2.82,-0.378,2.807,-0.36,2.792,-0.344,2.776,-0.328,2.758,-0.314,2.74,-0.303,2.721,-0.293,2.701,-0.286,2.68,-0.28,2.659,-0.277,2.636,-0.276,2.613,-0.276,2.592,-0.278,2.571,-0.283,2.551,-0.289,2.532,-0.298,2.514,-0.308,2.496,-0.321,2.48,-0.336,2.464,-0.352,2.45,-0.37,2.439,-0.388,2.429,-0.407,2.422,-0.427,2.416,-0.448,2.413,-0.469,2.412,-0.492|2.412,0.516,2.413,0.493,2.416,0.472,2.421,0.451,2.428,0.432,2.437,0.414,2.448,0.396,2.461,0.38,2.476,0.364,2.51,0.338,2.547,0.318,2.588,0.306,2.632,0.3,2.676,0.303,2.717,0.314,2.754,0.331,2.788,0.356,2.804,0.371,2.818,0.388,2.829,0.405,2.839,0.424,2.846,0.444,2.852,0.464,2.855,0.486,2.856,0.508,2.856,0.531,2.854,0.552,2.849,0.573,2.843,0.593,2.834,0.612,2.824,0.63,2.811,0.648,2.796,0.664,2.78,0.68,2.762,0.694,2.744,0.705,2.725,0.715,2.705,0.722,2.684,0.728,2.663,0.731,2.64,0.732,2.617,0.732,2.596,0.73,2.575,0.725,2.555,0.719,2.536,0.71,2.518,0.7,2.5,0.687,2.484,0.672,2.468,0.656,2.454,0.638,2.442,0.62,2.432,0.601,2.424,0.581,2.418,0.56,2.414,0.539,2.412,0.516
maestro 0046 3.456,-1.544,3.452,-1.499,3.44,-1.452,3.431,-1.427,3.42,-1.403,3.407,-1.381,3.392,-1.36,3.375,-1.341,3.357,-1.324,3.337,-1.309,3.316,-1.296,3.293,-1.284,3.268,-1.275,3.241,-1.27,3.212,-1.268,3.179,-1.271,3.151,-1.281,3.139,-1.288,3.129,-1.297,3.12,-1.308,3.112,-1.32,3.098,-1.346,3.088,-1.371,3.082,-1.396,3.08,-1.42,3.081,-1.439,3.085,-1.457,3.091,-1.473,3.1,-1.488,3.126,-1.518,3.156,-1.544,3.224,-1.592,3.258,-1.623,3.288,-1.66,3.286,-1.676,3.281,-1.689,3.272,-1.698,3.26,-1.704,3.231,-1.71,3.208,-1.712,3.17,-1.71,3.135,-1.705,3.104,-1.696,3.076,-1.684,3.049,-1.669,3.024,-1.652,3.001,-1.633,2.98,-1.612,2.961,-1.587,2.943,-1.561,2.927,-1.533,2.912,-1.504,2.885,-1.443,2.86,-1.38,2.837,-1.319,2.808,-1.232,2.776,-1.132,2.752,-1.032,3.136,-1.032,3.136,-0.948,2.932,-0.948,2.728,-0.948,2.696,-0.84,2.66,-0.72,2.632,-0.612,2.621,-0.571,2.612,-0.544,2.564,-0.4,2.52,-0.276,2.476,-0.148,2.42,-0.008,2.389,0.058,2.354,0.128,2.313,0.202,2.268,0.28,2.215,0.359,2.155,0.438,2.089,0.516,2.016,0.592,1.963,0.64,1.908,0.681,1.851,0.714,1.792,0.74,1.732,0.759,1.674,0.772,1.617,0.779,1.56,0.78,1.541,0.779,1.522,0.774,1.502,0.766,1.48,0.756,1.459,0.743,1.438,0.728,1.418,0.711,1.4,0.692,1.364,0.647,1.336,0.6,1.324,0.574,1.315,0.547,1.31,0.52,1.308,0.492,1.311,0.447,1.32,0.4,1.327,0.377,1.336,0.355,1.347,0.335,1.36,0.316,1.375,0.297,1.391,0.28,1.409,0.265,1.428,0.252,1.449,0.24,1.472,0.231,1.497,0.226,1.524,0.224,1.565,0.228,1.583,0.232,1.6,0.238,1.615,0.246,1.629,0.255,1.641,0.267,1.652,0.28,1.669,0.31,1.682,0.342,1.689,0.377,1.692,0.416,1.685,0.446,1.676,0.473,1.665,0.496,1.652,0.516,1.624,0.548,1.596,0.572,1.548,0.604,1.538,0.61,1.53,0.617,1.526,0.624,1.524,0.632,1.541,0.648,1.556,0.659,1.569,0.666,1.58,0.668,1.611,0.665,1.641,0.656,1.669,0.641,1.696,0.62,1.724,0.592,1.75,0.562,1.776,0.529,1.8,0.492,1.823,0.451,1.845,0.409,1.884,0.32,1.921,0.226,1.952,0.136,1.977,0.054,1.996,-0.016,2.024,-0.112,2.132,-0.496,2.194,-0.705,2.26,-0.948,1.916,-0.948,1.916,-1.032,2.296,-1.032,2.32,-1.09,2.345,-1.144,2.37,-1.194,2.396,-1.24,2.449,-1.326,2.504,-1.408,2.54,-1.458,2.576,-1.505,2.614,-1.548,2.653,-1.587,2.693,-1.623,2.734,-1.655,2.777,-1.683,2.82,-1.708,2.865,-1.73,2.912,-1.75,2.96,-1.766,3.008,-1.78,3.057,-1.791,3.108,-1.798,3.159,-1.803,3.212,-1.804,3.235,-1.803,3.257,-1.799,3.279,-1.793,3.3,-1.785,3.321,-1.774,3.341,-1.761,3.361,-1.746,3.38,-1.728,3.398,-1.709,3.413,-1.688,3.426,-1.666,3.437,-1.644,3.445,-1.62,3.451,-1.596,3.455,-1.571,3.456,-1.544|0.896,-0.672,0.904,-0.704,0.91,-0.74,0.912,-0.776,0.914,-0.814,0.912,-0.848,0.907,-0.864,0.9,-0.876,0.891,-0.884,0.88,-0.888,0.857,-0.888,0.834,-0.883,0.813,-0.874,0.792,-0.86,0.771,-0.844,0.752,-0.826,0.735,-0.808,0.72,-0.788,0.692,-0.746,0.672,-0.708,0.652,-0.672,0.428,-0,0.168,-0,0.392,-0.672,0.4,-0.696,0.407,-0.725,0.412,-0.756,0.416,-0.82,0.409,-0.848,0.403,-0.859,0.396,-0.868,0.382,-0.879,0.368,-0.888,0.353,-0.893,0.338,-0.895,0.323,-0.894,0.308,-0.89,0.292,-0.882,0.276,-0.872,0.245,-0.844,0.215,-0.813,0.187,-0.778,0.16,-0.74,0.128,-0.689,0.098,-0.634,0.068,-0.573,0.04,-0.508,0,-0.512,0.016,-0.56,0.036,-0.613,0.064,-0.676,0.099,-0.75,0.14,-0.828,0.19,-0.904,0.216,-0.939,0.244,-0.972,0.275,-1.002,0.306,-1.029,0.338,-1.052,0.372,-1.072,0.407,-1.089,0.442,-1.099,0.479,-1.103,0.516,-1.1,0.546,-1.088,0.58,-1.068,0.614,-1.043,0.644,-1.016,0.673,-0.989,0.696,-0.964,0.72,-0.936,0.77,-0.978,0.824,-1.016,0.875,-1.046,0.932,-1.072,0.964,-1.082,0.997,-1.09,1.03,-1.094,1.064,-1.096,1.077,-1.094,1.09,-1.09,1.105,-1.082,1.12,-1.072,1.152,-1.046,1.184,-1.016,1.219,-0.979,1.252,-0.94,1.308,-0.982,1.364,-1.02,1.389,-1.035,1.415,-1.049,1.472,-1.072,1.502,-1.081,1.531,-1.086,1.56,-1.089,1.588,-1.088,1.622,-1.082,1.65,-1.071,1.673,-1.056,1.692,-1.036,1.707,-1.012,1.718,-0.986,1.727,-0.96,1.732,-0.932,1.736,-0.878,1.735,-0.853,1.732,-0.828,1.724,-0.776,1.588,-0.332,1.58,-0.288,1.568,-0.228,1.566,-0.198,1.568,-0.172,1.573,-0.162,1.579,-0.154,1.587,-0.149,1.596,-0.148,1.614,-0.147,1.633,-0.152,1.652,-0.163,1.672,-0.18,1.714,-0.225,1.752,-0.272,1.795,-0.333,1.836,-0.404,1.868,-0.376,1.832,-0.304,1.811,-0.268,1.786,-0.23,1.728,-0.152,1.693,-0.113,1.656,-0.076,1.617,-0.041,1.576,-0.008,1.554,0.008,1.531,0.021,1.509,0.032,1.486,0.041,1.463,0.047,1.439,0.051,1.416,0.053,1.392,0.052,1.376,0.049,1.361,0.044,1.332,0.028,1.317,0.017,1.303,0.005,1.291,-0.009,1.28,-0.024,1.263,-0.058,1.252,-0.096,1.25,-0.116,1.25,-0.138,1.253,-0.161,1.26,-0.184,1.412,-0.672,1.42,-0.704,1.43,-0.74,1.436,-0.776,1.437,-0.814,1.432,-0.848,1.426,-0.864,1.417,-0.876,1.404,-0.884,1.388,-0.888,1.37,-0.888,1.351,-0.883,1.332,-0.874,1.312,-0.86,1.274,-0.823,1.24,-0.784,1.211,-0.745,1.188,-0.708,1.168,-0.672,0.948,-0,0.688,-0,0.896,-0.672
maestro 004A 1.12,-1.012,1.107,-0.931,1.09,-0.847,1.067,-0.761,1.04,-0.672,1.006,-0.58,0.964,-0.485,0.914,-0.386,0.856,-0.284,0.727,-0.073,0.596,0.128,0.468,0.32,0.348,0.496,0.299,0.568,0.252,0.645,0.207,0.726,0.164,0.812,0.143,0.857,0.125,0.901,0.11,0.945,0.098,0.989,0.088,1.032,0.082,1.075,0.077,1.118,0.076,1.16,0,1.16,0,0.096,0.076,0.096,0.138,0.085,0.204,0.068,0.264,0.049,0.332,0.024,0.37,0.007,0.408,-0.013,0.446,-0.035,0.484,-0.06,0.539,-0.103,0.6,-0.16,0.634,-0.194,0.668,-0.231,0.702,-0.272,0.736,-0.316,0.77,-0.366,0.803,-0.419,0.836,-0.476,0.868,-0.536,0.901,-0.6,0.932,-0.667,0.961,-0.738,0.988,-0.812,1.013,-0.893,1.033,-0.97,1.047,-1.041,1.056,-1.108,1.061,-1.174,1.064,-1.245,1.064,-1.4,1.06,-1.49,1.048,-1.584,1.026,-1.682,1,-1.776,0.971,-1.869,0.94,-1.956,0.907,-2.038,0.872,-2.108,0.916,-2.136,0.943,-2.092,0.969,-2.044,0.993,-1.992,1.016,-1.936,1.039,-1.875,1.059,-1.81,1.077,-1.742,1.092,-1.672,1.107,-1.599,1.118,-1.522,1.127,-1.442,1.132,-1.36,1.136,-1.275,1.135,-1.189,1.13,-1.101,1.12,-1.012
maestro 004E 0.66,-0.248,0.66,0.38,1.116,0.26,1.116,-0.368,0.66,-0.248|1.216,-0.784,1.216,1.5,1.116,1.5,1.116,0.644,0.556,0.788,0.556,-1.524,0.66,-1.524,0.66,-0.632,1.216,-0.784|0.368,0.852,0.336,0.831,0.304,0.805,0.272,0.773,0.24,0.736,0.209,0.694,0.179,0.648,0.151,0.598,0.124,0.544,0.099,0.486,0.077,0.425,0.057,0.36,0.04,0.292,0.024,0.221,0.013,0.149,0.006,0.075,0.004,-0,0.006,-0.068,0.012,-0.136,0.022,-0.204,0.036,-0.272,0.053,-0.339,0.073,-0.403,0.095,-0.465,0.12,-0.524,0.147,-0.58,0.175,-0.632,0.205,-0.68,0.236,-0.724,0.268,-0.765,0.301,-0.799,0.334,-0.827,0.368,-0.848,0.38,-0.816,0.337,-0.766,0.299,-0.715,0.267,-0.664,0.24,-0.612,0.216,-0.558,0.195,-0.505,0.178,-0.452,0.164,-0.4,0.152,-0.347,0.142,-0.294,0.135,-0.243,0.132,-0.192,0.126,-0.092,0.124,-0,0.128,0.184,0.14,0.289,0.16,0.396,0.175,0.45,0.193,0.504,0.213,0.558,0.236,0.612,0.264,0.665,0.298,0.718,0.336,0.77,0.38,0.82,0.368,0.852|1.732,-0,1.73,0.075,1.724,0.149,1.714,0.221,1.7,0.292,1.683,0.36,1.663,0.425,1.641,0.486,1.616,0.544,1.587,0.598,1.558,0.648,1.528,0.694,1.496,0.736,1.462,0.773,1.429,0.805,1.396,0.831,1.364,0.852,1.352,0.82,1.395,0.77,1.434,0.718,1.467,0.665,1.496,0.612,1.52,0.558,1.541,0.504,1.558,0.45,1.572,0.396,1.583,0.343,1.591,0.29,1.597,0.238,1.6,0.188,1.606,0.089,1.608,-0,1.604,-0.188,1.592,-0.292,1.572,-0.396,1.558,-0.45,1.541,-0.503,1.52,-0.556,1.496,-0.608,1.467,-0.661,1.434,-0.714,1.395,-0.766,1.352,-0.816,1.364,-0.848,1.396,-0.827,1.428,-0.8,1.46,-0.767,1.492,-0.728,1.525,-0.682,1.556,-0.633,1.585,-0.58,1.612,-0.524,1.638,-0.465,1.662,-0.403,1.683,-0.339,1.7,-0.272,1.714,-0.204,1.724,-0.136,1.73,-0.068,1.732,-0
maestro 005E 0.904,0.004,0.552,0.004,0.328,-0.488,0.104,-0,0,-0,0.428,-0.992,0.904,0.004
maestro 0062 0.104,-1.416,0.104,-0.708,0.104,-0.452,0.158,-0.499,0.208,-0.536,0.255,-0.564,0.3,-0.584,0.345,-0.601,0.392,-0.612,0.447,-0.618,0.508,-0.62,0.545,-0.618,0.58,-0.612,0.613,-0.602,0.644,-0.588,0.673,-0.571,0.7,-0.551,0.725,-0.529,0.748,-0.504,0.769,-0.477,0.787,-0.449,0.803,-0.419,0.816,-0.388,0.826,-0.356,0.834,-0.325,0.839,-0.294,0.84,-0.264,0.841,-0.232,0.839,-0.201,0.835,-0.17,0.828,-0.14,0.81,-0.079,0.788,-0.024,0.772,0.009,0.752,0.04,0.728,0.069,0.7,0.096,0.643,0.147,0.592,0.196,0.567,0.218,0.524,0.252,0.408,0.34,0.268,0.436,0.136,0.528,0.04,0.6,0,0.632,0,-1.732,0.104,-1.732,0.104,-1.416|0.428,-0.364,0.405,-0.386,0.376,-0.404,0.358,-0.411,0.339,-0.416,0.32,-0.419,0.3,-0.42,0.28,-0.419,0.26,-0.414,0.24,-0.407,0.22,-0.396,0.2,-0.382,0.182,-0.363,0.164,-0.34,0.148,-0.312,0.131,-0.272,0.118,-0.227,0.111,-0.178,0.108,-0.124,0.104,0.084,0.104,0.428,0.128,0.412,0.184,0.364,0.256,0.296,0.328,0.232,0.355,0.206,0.38,0.178,0.403,0.149,0.424,0.12,0.443,0.088,0.459,0.052,0.473,0.012,0.484,-0.032,0.494,-0.078,0.499,-0.123,0.5,-0.168,0.496,-0.212,0.487,-0.255,0.473,-0.294,0.453,-0.331,0.428,-0.364
maestro 0066 1.544,-1.54,1.54,-1.495,1.528,-1.448,1.519,-1.424,1.508,-1.402,1.495,-1.38,1.48,-1.36,1.463,-1.341,1.445,-1.324,1.425,-1.309,1.404,-1.296,1.381,-1.284,1.356,-1.275,1.329,-1.27,1.3,-1.268,1.267,-1.271,1.239,-1.281,1.227,-1.288,1.217,-1.297,1.208,-1.308,1.2,-1.32,1.186,-1.346,1.176,-1.371,1.17,-1.396,1.168,-1.42,1.169,-1.439,1.173,-1.457,1.179,-1.473,1.188,-1.488,1.214,-1.515,1.244,-1.54,1.308,-1.592,1.342,-1.622,1.372,-1.656,1.372,-1.672,1.368,-1.685,1.36,-1.694,1.348,-1.7,1.319,-1.706,1.296,-1.708,1.258,-1.706,1.223,-1.701,1.192,-1.692,1.164,-1.68,1.137,-1.665,1.112,-1.648,1.089,-1.629,1.068,-1.608,1.049,-1.583,1.031,-1.557,1.015,-1.529,1,-1.5,0.948,-1.38,0.925,-1.319,0.896,-1.232,0.864,-1.132,0.84,-1.032,1.224,-1.032,1.224,-0.944,1.02,-0.944,0.82,-0.944,0.801,-0.893,0.784,-0.836,0.748,-0.72,0.72,-0.612,0.709,-0.571,0.7,-0.544,0.652,-0.4,0.608,-0.276,0.564,-0.152,0.508,-0.012,0.477,0.054,0.442,0.124,0.401,0.198,0.356,0.276,0.303,0.355,0.244,0.433,0.179,0.509,0.108,0.584,0.055,0.632,0,0.673,-0.057,0.706,-0.116,0.732,-0.175,0.751,-0.233,0.764,-0.289,0.771,-0.344,0.772,-0.364,0.771,-0.385,0.766,-0.406,0.758,-0.428,0.748,-0.449,0.735,-0.47,0.72,-0.489,0.703,-0.508,0.684,-0.527,0.664,-0.544,0.642,-0.559,0.619,-0.572,0.596,-0.584,0.57,-0.593,0.543,-0.598,0.516,-0.6,0.488,-0.597,0.444,-0.588,0.4,-0.581,0.377,-0.572,0.354,-0.561,0.333,-0.548,0.312,-0.533,0.293,-0.517,0.276,-0.499,0.261,-0.48,0.248,-0.459,0.237,-0.436,0.23,-0.411,0.226,-0.384,0.224,-0.343,0.227,-0.308,0.237,-0.293,0.244,-0.279,0.253,-0.267,0.264,-0.256,0.276,-0.238,0.306,-0.225,0.338,-0.216,0.373,-0.212,0.412,-0.219,0.442,-0.228,0.469,-0.239,0.492,-0.252,0.512,-0.283,0.544,-0.312,0.568,-0.36,0.6,-0.37,0.606,-0.378,0.613,-0.382,0.62,-0.384,0.628,-0.367,0.644,-0.356,0.652,-0.343,0.658,-0.328,0.66,-0.297,0.657,-0.267,0.648,-0.239,0.633,-0.212,0.612,-0.184,0.585,-0.158,0.554,-0.132,0.521,-0.108,0.484,-0.085,0.443,-0.063,0.401,-0.024,0.312,0.013,0.222,0.044,0.136,0.069,0.053,0.088,-0.02,0.116,-0.112,0.168,-0.3,0.224,-0.496,0.255,-0.598,0.284,-0.704,0.352,-0.944,0.008,-0.944,0.008,-1.032,0.388,-1.032,0.437,-1.141,0.462,-1.19,0.488,-1.236,0.541,-1.325,0.596,-1.408,0.632,-1.458,0.668,-1.505,0.706,-1.548,0.745,-1.587,0.785,-1.623,0.826,-1.655,0.869,-1.683,0.912,-1.708,0.957,-1.73,1.002,-1.748,1.049,-1.764,1.097,-1.777,1.146,-1.787,1.196,-1.794,1.248,-1.799,1.3,-1.8,1.323,-1.799,1.345,-1.795,1.367,-1.789,1.388,-1.781,1.409,-1.77,1.429,-1.757,1.449,-1.742,1.468,-1.724,1.486,-1.704,1.501,-1.684,1.514,-1.663,1.525,-1.64,1.533,-1.617,1.539,-1.592,1.543,-1.566,1.544,-1.54
maestro 006A 0.06,-1.148,0.061,-1.111,0.064,-1.073,0.07,-1.035,0.078,-0.997,0.088,-0.958,0.101,-0.919,0.132,-0.84,0.169,-0.762,0.208,-0.689,0.249,-0.62,0.292,-0.556,0.508,-0.26,0.566,-0.178,0.624,-0.091,0.682,0,0.74,0.096,0.787,0.184,0.832,0.28,0.874,0.383,0.912,0.484,0.944,0.585,0.968,0.68,0.988,0.764,1,0.832,1.017,0.955,1.028,1.076,1.036,1.198,1.037,1.258,1.036,1.316,1.032,1.407,1.025,1.497,1.015,1.584,1.001,1.67,0.984,1.754,0.963,1.837,0.939,1.917,0.912,1.996,0.864,1.988,0.89,1.915,0.912,1.836,0.93,1.751,0.944,1.66,0.956,1.567,0.965,1.477,0.97,1.389,0.972,1.304,0.97,1.23,0.966,1.153,0.959,1.072,0.948,0.988,0.934,0.904,0.917,0.822,0.896,0.743,0.872,0.668,0.848,0.603,0.824,0.541,0.798,0.483,0.771,0.428,0.743,0.377,0.714,0.329,0.683,0.285,0.652,0.244,0.59,0.172,0.533,0.112,0.48,0.064,0.432,0.028,0.365,-0.011,0.332,-0.027,0.3,-0.04,0.238,-0.064,0.18,-0.08,0.118,-0.093,0.06,-0.1,0.004,-0.1,0.004,-1.148,0.06,-1.148,0.06,-1.148
maestro 006E 0.096,-0.248,0.096,0.38,0.552,0.26,0.552,-0.368,0.096,-0.248|0.656,-0.784,0.656,1.5,0.552,1.5,0.552,0.644,-0.004,0.788,-0.004,-1.524,0.096,-1.524,0.096,-0.632,0.656,-0.784
maestro 0070 1.192,-0.828,1.191,-0.859,1.187,-0.884,1.181,-0.903,1.172,-0.916,1.159,-0.925,1.143,-0.931,1.125,-0.935,1.104,-0.936,1.076,-0.934,1.049,-0.929,1.022,-0.92,0.996,-0.908,0.942,-0.873,0.892,-0.832,0.846,-0.782,0.804,-0.728,0.769,-0.673,0.755,-0.646,0.744,-0.62,0.728,-0.581,0.712,-0.536,0.672,-0.432,0.654,-0.381,0.64,-0.332,0.631,-0.282,0.628,-0.236,0.63,-0.22,0.636,-0.196,0.646,-0.164,0.66,-0.132,0.681,-0.102,0.704,-0.076,0.719,-0.064,0.734,-0.055,0.751,-0.05,0.768,-0.048,0.785,-0.05,0.802,-0.055,0.82,-0.063,0.837,-0.075,0.855,-0.09,0.872,-0.109,0.908,-0.156,0.945,-0.212,0.98,-0.271,1.013,-0.334,1.044,-0.4,1.102,-0.536,1.127,-0.601,1.148,-0.664,1.181,-0.769,1.189,-0.804,1.192,-0.828|-0.092,-0.52,-0.055,-0.595,-0.019,-0.665,0.017,-0.729,0.052,-0.787,0.087,-0.84,0.121,-0.887,0.155,-0.928,0.188,-0.964,0.221,-0.995,0.255,-1.021,0.29,-1.044,0.325,-1.062,0.361,-1.076,0.397,-1.086,0.434,-1.091,0.472,-1.092,0.516,-1.09,0.554,-1.085,0.585,-1.076,0.608,-1.064,0.668,-1.02,0.693,-1,0.712,-0.98,0.731,-0.958,0.748,-0.932,0.764,-0.897,0.78,-0.856,0.816,-0.9,0.844,-0.928,0.873,-0.954,0.912,-0.984,0.942,-1.005,0.975,-1.024,1.012,-1.041,1.052,-1.056,1.094,-1.07,1.137,-1.08,1.18,-1.086,1.224,-1.088,1.258,-1.087,1.289,-1.082,1.318,-1.076,1.345,-1.066,1.369,-1.054,1.391,-1.038,1.411,-1.021,1.428,-1,1.443,-0.977,1.458,-0.95,1.471,-0.921,1.483,-0.889,1.504,-0.816,1.52,-0.732,1.516,-0.684,1.504,-0.588,1.493,-0.53,1.476,-0.468,1.454,-0.407,1.428,-0.352,1.403,-0.308,1.376,-0.266,1.347,-0.225,1.316,-0.184,1.283,-0.144,1.249,-0.106,1.213,-0.072,1.176,-0.04,1.137,-0.01,1.097,0.017,1.055,0.04,1.012,0.06,0.968,0.077,0.923,0.089,0.878,0.095,0.832,0.096,0.769,0.089,0.744,0.083,0.724,0.076,0.64,0.032,0.603,0.009,0.58,-0.012,0.524,-0.072,0.26,0.572,0.54,0.596,0.54,0.672,-0.504,0.672,-0.504,0.596,-0.16,0.572,0.12,-0.084,0.224,-0.332,0.276,-0.45,0.32,-0.556,0.392,-0.732,0.432,-0.824,0.438,-0.844,0.439,-0.865,0.436,-0.886,0.428,-0.908,0.414,-0.929,0.398,-0.944,0.379,-0.953,0.356,-0.956,0.327,-0.952,0.297,-0.94,0.265,-0.92,0.232,-0.892,0.167,-0.827,0.108,-0.76,0.058,-0.687,0.02,-0.62,-0.012,-0.561,-0.044,-0.512,-0.054,-0.507,-0.068,-0.508,-0.092,-0.52
maestro 0071 0.016,-0.52,0.038,-0.573,0.066,-0.624,0.098,-0.673,0.136,-0.72,0.179,-0.765,0.226,-0.806,0.275,-0.845,0.328,-0.88,0.383,-0.914,0.44,-0.943,0.499,-0.968,0.56,-0.988,0.624,-1.005,0.688,-1.018,0.752,-1.026,0.816,-1.028,0.876,-1.026,0.933,-1.018,0.986,-1.005,1.036,-0.988,1.082,-0.965,1.122,-0.938,1.158,-0.909,1.188,-0.876,1.188,-4.08,1.264,-4.08,1.264,-0.68,1.263,-0.637,1.26,-0.596,1.252,-0.551,1.236,-0.504,1.214,-0.451,1.186,-0.4,1.153,-0.351,1.116,-0.304,1.072,-0.259,1.026,-0.218,0.976,-0.179,0.924,-0.144,0.869,-0.11,0.811,-0.081,0.751,-0.056,0.688,-0.036,0.624,-0.019,0.561,-0.006,0.498,0.002,0.436,0.004,0.374,0.002,0.316,-0.006,0.262,-0.019,0.212,-0.036,0.167,-0.06,0.126,-0.087,0.09,-0.118,0.06,-0.152,0.035,-0.189,0.015,-0.229,0.001,-0.271,-0.008,-0.316,-0.013,-0.365,-0.01,-0.415,-0.001,-0.467,0.016,-0.52
maestro 0072 1.18,1.78,1.181,1.876,1.176,1.964,1.162,2.045,1.144,2.12,1.123,2.19,1.1,2.256,1.056,2.384,1,2.372,1.027,2.305,1.051,2.237,1.073,2.167,1.092,2.096,1.107,2.024,1.117,1.956,1.121,1.892,1.12,1.832,1.115,1.763,1.106,1.695,1.094,1.629,1.08,1.564,1.042,1.433,1,1.304,0.965,1.214,0.924,1.127,0.877,1.044,0.824,0.964,0.766,0.89,0.705,0.823,0.64,0.764,0.607,0.737,0.572,0.712,0.494,0.662,0.412,0.616,0.252,0.536,0.08,0.46,0.044,0.464,0.02,0.464,0,0.464,0,-0.32,0,-1.188,0.072,-1.188,0.073,-1.128,0.076,-1.092,0.104,-1.004,0.124,-0.957,0.144,-0.92,0.173,-0.879,0.22,-0.82,0.248,-0.784,0.304,-0.728,0.356,-0.672,0.392,-0.636,0.446,-0.581,0.496,-0.536,0.596,-0.452,0.704,-0.364,0.832,-0.252,0.871,-0.215,0.906,-0.175,0.938,-0.133,0.968,-0.088,0.997,-0.04,1.022,0.008,1.044,0.056,1.064,0.104,1.1,0.198,1.128,0.288,1.148,0.374,1.16,0.448,1.166,0.495,1.168,0.532,1.172,0.6,1.16,0.672,1.136,0.784,1.116,0.872,1.092,0.936,1.064,1.004,1.024,1.092,1.046,1.142,1.064,1.188,1.092,1.268,1.106,1.309,1.116,1.344,1.136,1.444,1.147,1.489,1.156,1.536,1.163,1.589,1.168,1.644,1.175,1.708,1.18,1.78|1.08,0.716,1.088,0.644,1.092,0.6,1.09,0.574,1.084,0.544,1.056,0.448,1.032,0.375,1.005,0.307,0.974,0.245,0.94,0.188,0.902,0.134,0.863,0.085,0.824,0.04,0.784,-0,0.744,-0.036,0.704,-0.069,0.664,-0.098,0.624,-0.124,0.549,-0.171,0.484,-0.208,0.43,-0.236,0.375,-0.259,0.32,-0.278,0.264,-0.292,0.158,-0.311,0.072,-0.32,0.072,-0.292,0.076,-0.264,0.083,-0.199,0.089,-0.172,0.096,-0.148,0.118,-0.102,0.144,-0.06,0.175,-0.02,0.212,0.02,0.304,0.12,0.568,0.408,0.637,0.486,0.707,0.57,0.779,0.661,0.852,0.76,0.886,0.815,0.924,0.884,0.992,1.008,1.011,0.971,1.027,0.934,1.041,0.896,1.052,0.856,1.069,0.781,1.08,0.716
maestro 0077 0,-0.012,0,-0.063,0.003,-0.088,0.008,-0.113,0.015,-0.137,0.024,-0.161,0.048,-0.208,0.081,-0.255,0.12,-0.298,0.165,-0.338,0.216,-0.376,0.272,-0.41,0.333,-0.441,0.398,-0.468,0.468,-0.492,0.543,-0.511,0.621,-0.525,0.701,-0.533,0.784,-0.536,0.867,-0.534,0.949,-0.528,1.029,-0.518,1.108,-0.504,1.184,-0.486,1.255,-0.463,1.322,-0.436,1.384,-0.404,1.443,-0.368,1.497,-0.328,1.545,-0.284,1.588,-0.236,1.607,-0.209,1.624,-0.182,1.638,-0.153,1.651,-0.123,1.661,-0.092,1.67,-0.06,1.676,-0.026,1.68,0.008,1.68,0.059,1.677,0.084,1.672,0.109,1.665,0.133,1.656,0.157,1.632,0.204,1.599,0.25,1.561,0.294,1.517,0.335,1.468,0.372,1.412,0.406,1.351,0.436,1.286,0.462,1.216,0.484,1.141,0.503,1.063,0.517,0.983,0.525,0.9,0.528,0.817,0.526,0.735,0.52,0.655,0.51,0.576,0.496,0.5,0.478,0.428,0.456,0.36,0.43,0.296,0.4,0.237,0.364,0.183,0.324,0.135,0.28,0.092,0.232,0.073,0.205,0.056,0.178,0.042,0.149,0.029,0.119,0.019,0.088,0.01,0.056,0.004,0.022,0,-0.012|0.5,-0.088,0.518,0.017,0.54,0.116,0.555,0.162,0.572,0.206,0.591,0.247,0.612,0.284,0.637,0.318,0.664,0.348,0.693,0.374,0.724,0.396,0.76,0.414,0.8,0.426,0.844,0.433,0.892,0.436,0.927,0.434,0.96,0.428,0.991,0.418,1.02,0.404,1.049,0.387,1.075,0.368,1.099,0.347,1.12,0.324,1.138,0.299,1.154,0.274,1.166,0.248,1.176,0.22,1.184,0.19,1.189,0.161,1.19,0.132,1.188,0.104,1.169,-0.001,1.144,-0.1,1.129,-0.147,1.111,-0.19,1.091,-0.23,1.068,-0.268,1.043,-0.302,1.015,-0.332,0.985,-0.358,0.952,-0.38,0.914,-0.399,0.873,-0.413,0.828,-0.421,0.78,-0.424,0.745,-0.422,0.712,-0.416,0.681,-0.406,0.652,-0.392,0.625,-0.375,0.601,-0.356,0.579,-0.335,0.56,-0.312,0.543,-0.287,0.529,-0.261,0.517,-0.233,0.508,-0.204,0.502,-0.174,0.498,-0.145,0.498,-0.116,0.5,-0.088
maestro 007E 0.156,-0.324,0.115,-0.322,0.08,-0.316,0.045,-0.306,0.004,-0.292,-0.038,-0.274,-0.076,-0.26,-0.148,-0.228,-0.212,-0.196,-0.248,-0.216,-0.152,-0.324,-0.072,-0.408,0,-0.476,0.043,-0.511,0.088,-0.545,0.135,-0.577,0.184,-0.608,0.234,-0.634,0.28,-0.653,0.322,-0.664,0.36,-0.668,0.413,-0.666,0.461,-0.659,0.503,-0.648,0.54,-0.632,0.605,-0.591,0.664,-0.548,0.72,-0.503,0.776,-0.464,0.808,-0.447,0.845,-0.434,0.886,-0.426,0.932,-0.424,0.973,-0.426,1.008,-0.432,1.043,-0.442,1.084,-0.456,1.164,-0.484,1.236,-0.516,1.3,-0.548,1.336,-0.524,1.24,-0.42,1.199,-0.377,1.156,-0.336,1.084,-0.268,1.043,-0.235,0.999,-0.202,0.953,-0.17,0.904,-0.14,0.854,-0.114,0.807,-0.095,0.764,-0.084,0.724,-0.08,0.671,-0.082,0.623,-0.089,0.581,-0.1,0.544,-0.116,0.479,-0.157,0.42,-0.2,0.364,-0.245,0.308,-0.284,0.276,-0.301,0.24,-0.314,0.2,-0.322,0.156,-0.324
maestro 00CD 1.544,-1.54,1.54,-1.495,1.528,-1.448,1.519,-1.424,1.508,-1.402,1.495,-1.38,1.48,-1.36,1.463,-1.341,1.445,-1.324,1.425,-1.309,1.404,-1.296,1.381,-1.284,1.356,-1.275,1.329,-1.27,1.3,-1.268,1.267,-1.271,1.239,-1.281,1.227,-1.288,1.217,-1.297,1.208,-1.308,1.2,-1.32,1.186,-1.346,1.176,-1.371,1.17,-1.396,1.168,-1.42,1.169,-1.439,1.173,-1.457,1.179,-1.473,1.188,-1.488,1.214,-1.515,1.244,-1.54,1.308,-1.592,1.342,-1.622,1.372,-1.656,1.372,-1.672,1.368,-1.685,1.36,-1.694,1.348,-1.7,1.319,-1.706,1.296,-1.708,1.258,-1.706,1.223,-1.701,1.192,-1.692,1.164,-1.68,1.137,-1.665,1.112,-1.648,1.089,-1.629,1.068,-1.608,1.049,-1.583,1.031,-1.557,1.015,-1.529,1,-1.5,0.948,-1.38,0.925,-1.319,0.896,-1.232,0.864,-1.132,0.84,-1.032,1.224,-1.032,1.224,-0.944,1.02,-0.944,0.82,-0.944,0.801,-0.893,0.784,-0.836,0.748,-0.72,0.72,-0.612,0.709,-0.571,0.7,-0.544,0.652,-0.4,0.608,-0.276,0.564,-0.152,0.508,-0.012,0.477,0.054,0.442,0.124,0.401,0.198,0.356,0.276,0.303,0.355,0.244,0.433,0.179,0.509,0.108,0.584,0.055,0.632,0,0.673,-0.057,0.706,-0.116,0.732,-0.175,0.751,-0.233,0.764,-0.289,0.771,-0.344,0.772,-0.364,0.771,-0.385,0.766,-0.406,0.758,-0.428,0.748,-0.449,0.735,-0.47,0.72,-0.489,0.703,-0.508,0.684,-0.527,0.664,-0.544,0.642,-0.559,0.619,-0.572,0.596,-0.584,0.57,-0.593,0.543,-0.598,0.516,-0.6,0.488,-0.597,0.444,-0.588,0.4,-0.581,0.377,-0.572,0.354,-0.561,0.333,-0.548,0.312,-0.533,0.293,-0.517,0.276,-0.499,0.261,-0.48,0.248,-0.459,0.237,-0.436,0.23,-0.411,0.226,-0.384,0.224,-0.343,0.227,-0.308,0.237,-0.293,0.244,-0.279,0.253,-0.267,0.264,-0.256,0.276,-0.238,0.306,-0.225,0.338,-0.216,0.373,-0.212,0.412,-0.219,0.442,-0.228,0.469,-0.239,0.492,-0.252,0.512,-0.283,0.544,-0.312,0.568,-0.36,0.6,-0.37,0.606,-0.378,0.613,-0.382,0.62,-0.384,0.628,-0.367,0.644,-0.356,0.652,-0.343,0.658,-0.328,0.66,-0.297,0.657,-0.267,0.648,-0.239,0.633,-0.212,0.612,-0.184,0.585,-0.158,0.554,-0.132,0.521,-0.108,0.484,-0.085,0.443,-0.063,0.401,-0.024,0.312,0.013,0.222,0.044,0.136,0.069,0.053,0.088,-0.02,0.116,-0.112,0.168,-0.3,0.224,-0.496,0.255,-0.598,0.284,-0.704,0.352,-0.944,0.008,-0.944,0.008,-1.032,0.388,-1.032,0.437,-1.141,0.462,-1.19,0.488,-1.236,0.541,-1.325,0.596,-1.408,0.632,-1.458,0.668,-1.505,0.706,-1.548,0.745,-1.587,0.785,-1.623,0.826,-1.655,0.869,-1.683,0.912,-1.708,0.957,-1.73,1.002,-1.748,1.049,-1.764,1.097,-1.777,1.146,-1.787,1.196,-1.794,1.248,-1.799,1.3,-1.8,1.323,-1.799,1.345,-1.795,1.367,-1.789,1.388,-1.781,1.409,-1.77,1.429,-1.757,1.449,-1.742,1.468,-1.724,1.486,-1.704,1.501,-1.684,1.514,-1.663,1.525,-1.64,1.533,-1.617,1.539,-1.592,1.543,-1.566,1.544,-1.54|2.312,-0.824,2.311,-0.855,2.307,-0.88,2.301,-0.899,2.292,-0.912,2.28,-0.923,2.266,-0.93,2.249,-0.934,2.228,-0.936,2.2,-0.934,2.172,-0.929,2.144,-0.92,2.116,-0.908,2.062,-0.873,2.012,-0.832,1.966,-0.782,1.924,-0.728,1.889,-0.673,1.875,-0.646,1.864,-0.62,1.848,-0.581,1.832,-0.536,1.792,-0.432,1.774,-0.378,1.76,-0.328,1.751,-0.279,1.748,-0.236,1.75,-0.22,1.756,-0.196,1.766,-0.164,1.78,-0.132,1.801,-0.099,1.824,-0.072,1.839,-0.062,1.854,-0.054,1.87,-0.049,1.888,-0.048,1.905,-0.05,1.922,-0.055,1.94,-0.063,1.957,-0.075,1.975,-0.09,1.992,-0.109,2.028,-0.156,2.065,-0.212,2.1,-0.271,2.133,-0.334,2.164,-0.4,2.194,-0.467,2.222,-0.533,2.247,-0.597,2.268,-0.66,2.301,-0.765,2.309,-0.8,2.312,-0.824|1.028,-0.516,1.065,-0.591,1.101,-0.661,1.137,-0.725,1.172,-0.783,1.207,-0.836,1.241,-0.883,1.275,-0.924,1.308,-0.96,1.342,-0.992,1.377,-1.019,1.412,-1.042,1.447,-1.061,1.483,-1.075,1.519,-1.085,1.555,-1.091,1.592,-1.092,1.639,-1.09,1.676,-1.084,1.706,-1.074,1.732,-1.06,1.792,-1.016,1.814,-0.996,1.832,-0.976,1.851,-0.954,1.868,-0.928,1.884,-0.893,1.9,-0.852,1.936,-0.896,1.964,-0.924,2.036,-0.98,2.066,-0.999,2.099,-1.018,2.136,-1.036,2.176,-1.052,2.218,-1.066,2.26,-1.076,2.302,-1.082,2.344,-1.084,2.378,-1.083,2.409,-1.079,2.438,-1.072,2.465,-1.062,2.489,-1.05,2.511,-1.035,2.531,-1.017,2.548,-0.996,2.563,-0.973,2.578,-0.947,2.591,-0.918,2.603,-0.886,2.624,-0.814,2.64,-0.732,2.64,-0.684,2.628,-0.588,2.6,-0.464,2.578,-0.403,2.552,-0.348,2.527,-0.305,2.5,-0.262,2.471,-0.221,2.44,-0.18,2.405,-0.14,2.37,-0.102,2.333,-0.068,2.296,-0.036,2.257,-0.006,2.217,0.021,2.175,0.044,2.132,0.064,2.088,0.081,2.043,0.093,1.998,0.099,1.952,0.1,1.889,0.093,1.864,0.087,1.844,0.08,1.76,0.036,1.723,0.013,1.7,-0.008,1.648,-0.068,1.38,0.572,1.66,0.6,1.66,0.676,0.616,0.676,0.616,0.6,0.96,0.576,1.24,-0.08,1.344,-0.328,1.396,-0.446,1.44,-0.552,1.512,-0.728,1.552,-0.82,1.558,-0.84,1.559,-0.862,1.556,-0.885,1.548,-0.908,1.535,-0.929,1.518,-0.944,1.498,-0.953,1.476,-0.956,1.449,-0.952,1.42,-0.94,1.389,-0.92,1.356,-0.892,1.321,-0.859,1.288,-0.826,1.257,-0.791,1.228,-0.756,1.178,-0.686,1.158,-0.652,1.14,-0.62,1.108,-0.558,1.076,-0.508,1.069,-0.506,1.056,-0.508,1.039,-0.514,1.028,-0.516
maestro 00D3 1.272,-0.512,1.272,-0,0,-0,0,-0.512,1.272,-0.512
maestro 0152 1.028,0.868,0.978,0.848,0.93,0.831,0.886,0.818,0.844,0.808,0.805,0.799,0.768,0.793,0.733,0.789,0.7,0.788,0.669,0.789,0.638,0.793,0.61,0.799,0.582,0.807,0.556,0.818,0.53,0.831,0.507,0.846,0.484,0.864,0.462,0.884,0.444,0.906,0.428,0.93,0.415,0.956,0.405,0.984,0.398,1.014,0.393,1.046,0.392,1.08,0.394,1.103,0.399,1.127,0.408,1.153,0.42,1.18,0.454,1.234,0.492,1.284,0.54,1.34,0.596,1.396,0.548,1.436,0.484,1.395,0.422,1.352,0.363,1.307,0.308,1.26,0.263,1.219,0.219,1.175,0.177,1.129,0.136,1.08,0.098,1.028,0.069,0.974,0.058,0.947,0.048,0.919,0.041,0.892,0.036,0.864,0.032,0.83,0.031,0.796,0.034,0.762,0.04,0.728,0.051,0.695,0.065,0.664,0.081,0.635,0.1,0.608,0.123,0.581,0.149,0.558,0.177,0.538,0.208,0.52,0.243,0.504,0.28,0.491,0.319,0.482,0.36,0.476,0.436,0.476,0.52,0.484,0.6,0.496,0.664,0.508,0.529,0.374,0.412,0.252,0.313,0.142,0.232,0.044,0.169,-0.04,0.145,-0.076,0.127,-0.108,0.114,-0.136,0.107,-0.16,0.105,-0.18,0.108,-0.196,0.192,-0.304,0.222,-0.343,0.251,-0.386,0.308,-0.48,0.335,-0.531,0.361,-0.583,0.408,-0.692,0.427,-0.748,0.441,-0.803,0.449,-0.858,0.452,-0.912,0.449,-0.948,0.441,-0.988,0.427,-1.032,0.408,-1.08,0.362,-1.182,0.312,-1.28,0.172,-1.508,0.228,-1.548,0.956,-0.632,0.908,-0.572,0.863,-0.511,0.822,-0.45,0.784,-0.388,0.751,-0.335,0.72,-0.28,0.691,-0.223,0.664,-0.164,0.641,-0.103,0.625,-0.044,0.615,0.013,0.612,0.068,0.613,0.105,0.617,0.142,0.623,0.177,0.632,0.212,0.658,0.281,0.688,0.344,0.722,0.405,0.76,0.46,0.832,0.556,0.853,0.583,0.884,0.616,0.952,0.692,1.008,0.764,1.029,0.79,1.036,0.804,1.028,0.868,1.028,0.868
maestro 0153 0.032,0.004,0.054,-0.049,0.082,-0.1,0.115,-0.149,0.152,-0.196,0.196,-0.241,0.242,-0.282,0.292,-0.32,0.344,-0.356,0.399,-0.39,0.456,-0.419,0.515,-0.444,0.576,-0.464,0.638,-0.481,0.701,-0.494,0.764,-0.502,0.828,-0.504,0.89,-0.502,0.948,-0.494,1.002,-0.481,1.052,-0.464,1.097,-0.44,1.138,-0.414,1.173,-0.384,1.204,-0.352,1.229,-0.315,1.249,-0.275,1.263,-0.233,1.272,-0.188,1.276,-0.139,1.274,-0.089,1.265,-0.037,1.248,0.016,1.225,0.069,1.197,0.12,1.163,0.169,1.124,0.216,1.081,0.262,1.034,0.305,0.984,0.344,0.932,0.38,0.877,0.414,0.82,0.443,0.761,0.468,0.7,0.488,0.636,0.506,0.573,0.518,0.51,0.525,0.448,0.528,0.386,0.525,0.329,0.518,0.276,0.506,0.228,0.488,0.183,0.464,0.142,0.437,0.106,0.406,0.076,0.372,0.049,0.335,0.028,0.295,0.013,0.253,0.004,0.208,0.001,0.159,0.005,0.109,0.015,0.057,0.032,0.004
maestro 0192 2.58,-1.54,2.576,-1.495,2.564,-1.448,2.555,-1.424,2.544,-1.402,2.531,-1.38,2.516,-1.36,2.499,-1.341,2.481,-1.324,2.461,-1.309,2.44,-1.296,2.417,-1.284,2.392,-1.275,2.365,-1.27,2.336,-1.268,2.303,-1.271,2.275,-1.281,2.263,-1.288,2.253,-1.297,2.244,-1.308,2.236,-1.32,2.222,-1.346,2.212,-1.371,2.206,-1.396,2.204,-1.42,2.205,-1.439,2.209,-1.457,2.215,-1.473,2.224,-1.488,2.25,-1.515,2.28,-1.54,2.344,-1.592,2.378,-1.623,2.408,-1.66,2.408,-1.676,2.404,-1.689,2.396,-1.698,2.384,-1.704,2.355,-1.71,2.332,-1.712,2.294,-1.71,2.259,-1.705,2.228,-1.696,2.2,-1.684,2.173,-1.669,2.148,-1.652,2.125,-1.633,2.104,-1.612,2.085,-1.587,2.067,-1.561,2.051,-1.533,2.036,-1.504,2.009,-1.443,1.984,-1.38,1.961,-1.32,1.932,-1.236,1.9,-1.136,1.876,-1.036,1.891,-1.033,1.936,-1.032,1.999,-1.035,2.068,-1.036,2.26,-1.036,2.26,-0.948,2.056,-0.948,1.856,-0.948,1.837,-0.894,1.82,-0.836,1.784,-0.716,1.756,-0.616,1.736,-0.548,1.688,-0.404,1.648,-0.28,1.6,-0.152,1.544,-0.012,1.513,0.054,1.478,0.123,1.438,0.196,1.392,0.272,1.34,0.352,1.282,0.43,1.217,0.507,1.144,0.584,1.091,0.632,1.036,0.673,0.979,0.706,0.92,0.732,0.86,0.751,0.802,0.764,0.744,0.771,0.688,0.772,0.669,0.771,0.65,0.766,0.629,0.758,0.608,0.748,0.586,0.735,0.566,0.72,0.547,0.703,0.528,0.684,0.509,0.663,0.492,0.641,0.477,0.617,0.464,0.592,0.452,0.566,0.443,0.54,0.438,0.514,0.436,0.488,0.439,0.443,0.448,0.396,0.455,0.373,0.464,0.351,0.475,0.331,0.488,0.312,0.503,0.293,0.519,0.276,0.537,0.261,0.556,0.248,0.577,0.236,0.6,0.227,0.625,0.222,0.652,0.22,0.693,0.223,0.711,0.228,0.728,0.234,0.743,0.242,0.757,0.252,0.769,0.263,0.78,0.276,0.798,0.305,0.81,0.337,0.817,0.371,0.82,0.408,0.813,0.438,0.804,0.465,0.793,0.488,0.78,0.508,0.752,0.54,0.724,0.564,0.698,0.584,0.676,0.596,0.665,0.602,0.658,0.609,0.654,0.616,0.652,0.624,0.669,0.64,0.684,0.651,0.697,0.658,0.708,0.66,0.739,0.657,0.769,0.648,0.797,0.633,0.824,0.612,0.851,0.585,0.878,0.554,0.904,0.521,0.928,0.484,0.951,0.443,0.973,0.401,1.012,0.312,1.049,0.219,1.08,0.132,1.105,0.05,1.124,-0.02,1.152,-0.116,1.204,-0.304,1.26,-0.5,1.291,-0.602,1.32,-0.708,1.388,-0.948,1.212,-0.948,1.028,-0.948,0.88,-0.948,0.82,-0.948,0.788,-0.84,0.752,-0.724,0.724,-0.616,0.7,-0.548,0.652,-0.404,0.612,-0.28,0.564,-0.152,0.508,-0.012,0.479,0.054,0.444,0.123,0.403,0.196,0.356,0.272,0.303,0.352,0.244,0.43,0.179,0.507,0.108,0.584,0.055,0.632,0,0.673,-0.057,0.706,-0.116,0.732,-0.175,0.751,-0.233,0.764,-0.289,0.771,-0.344,0.772,-0.364,0.771,-0.385,0.766,-0.406,0.758,-0.428,0.748,-0.449,0.735,-0.47,0.72,-0.489,0.703,-0.508,0.684,-0.527,0.663,-0.544,0.641,-0.559,0.617,-0.572,0.592,-0.584,0.566,-0.593,0.54,-0.598,0.514,-0.6,0.488,-0.597,0.443,-0.588,0.396,-0.57,0.351,-0.548,0.312,-0.533,0.293,-0.517,0.276,-0.499,0.261,-0.48,0.248,-0.457,0.236,-0.433,0.227,-0.407,0.222,-0.38,0.22,-0.341,0.223,-0.323,0.228,-0.307,0.234,-0.292,0.242,-0.279,0.252,-0.267,0.263,-0.256,0.276,-0.237,0.305,-0.223,0.337,-0.215,0.371,-0.212,0.408,-0.219,0.438,-0.228,0.465,-0.239,0.488,-0.252,0.508,-0.283,0.54,-0.312,0.564,-0.338,0.584,-0.36,0.596,-0.37,0.602,-0.378,0.609,-0.382,0.616,-0.384,0.624,-0.367,0.64,-0.352,0.651,-0.339,0.658,-0.328,0.66,-0.297,0.657,-0.267,0.648,-0.239,0.633,-0.212,0.612,-0.184,0.585,-0.158,0.554,-0.132,0.521,-0.108,0.484,-0.085,0.443,-0.063,0.401,-0.024,0.312,0.013,0.219,0.044,0.132,0.069,0.05,0.088,-0.02,0.116,-0.116,0.141,-0.211,0.168,-0.304,0.224,-0.5,0.255,-0.602,0.284,-0.708,0.352,-0.948,0.008,-0.948,0.008,-1.036,0.388,-1.036,0.437,-1.145,0.462,-1.194,0.488,-1.24,0.541,-1.326,0.596,-1.408,0.632,-1.458,0.668,-1.505,0.706,-1.548,0.745,-1.587,0.785,-1.623,0.826,-1.655,0.869,-1.683,0.912,-1.708,0.957,-1.73,1.004,-1.75,1.051,-1.766,1.099,-1.779,1.148,-1.789,1.198,-1.796,1.248,-1.799,1.3,-1.8,1.323,-1.799,1.345,-1.796,1.367,-1.79,1.388,-1.782,1.409,-1.772,1.429,-1.76,1.449,-1.745,1.468,-1.728,1.486,-1.708,1.501,-1.688,1.514,-1.666,1.525,-1.643,1.533,-1.619,1.539,-1.594,1.543,-1.567,1.544,-1.54,1.54,-1.495,1.528,-1.448,1.519,-1.424,1.508,-1.402,1.495,-1.38,1.48,-1.36,1.463,-1.341,1.445,-1.324,1.425,-1.309,1.404,-1.296,1.381,-1.284,1.356,-1.275,1.329,-1.27,1.3,-1.268,1.268,-1.271,1.241,-1.281,1.218,-1.297,1.2,-1.32,1.186,-1.346,1.176,-1.371,1.17,-1.396,1.168,-1.42,1.169,-1.439,1.173,-1.457,1.179,-1.473,1.188,-1.488,1.214,-1.515,1.244,-1.54,1.277,-1.567,1.312,-1.592,1.346,-1.623,1.376,-1.66,1.374,-1.676,1.369,-1.689,1.36,-1.698,1.348,-1.704,1.321,-1.71,1.296,-1.712,1.259,-1.71,1.225,-1.705,1.193,-1.696,1.164,-1.684,1.137,-1.669,1.112,-1.652,1.089,-1.633,1.068,-1.612,1.049,-1.587,1.031,-1.561,1.015,-1.533,1,-1.504,0.973,-1.443,0.948,-1.38,0.925,-1.32,0.896,-1.236,0.867,-1.136,0.844,-1.036,0.92,-1.036,1.096,-1.036,1.288,-1.036,1.424,-1.036,1.472,-1.145,1.52,-1.24,1.573,-1.326,1.628,-1.408,1.664,-1.458,1.7,-1.505,1.738,-1.548,1.777,-1.587,1.817,-1.623,1.858,-1.655,1.901,-1.683,1.944,-1.708,1.99,-1.73,2.036,-1.75,2.083,-1.766,2.132,-1.779,2.181,-1.789,2.232,-1.796,2.283,-1.799,2.336,-1.8,2.359,-1.799,2.381,-1.796,2.403,-1.79,2.424,-1.782,2.445,-1.772,2.465,-1.76,2.485,-1.745,2.504,-1.728,2.522,-1.708,2.537,-1.688,2.55,-1.666,2.561,-1.643,2.569,-1.619,2.575,-1.594,2.579,-1.567,2.58,-1.54
maestro 02D9 1.28,-0.356,1.291,-0.333,1.299,-0.31,1.305,-0.285,1.308,-0.26,1.313,-0.205,1.312,-0.152,1.303,-0.098,1.292,-0.048,1.28,-0.005,1.268,0.028,1.253,0.065,1.237,0.102,1.218,0.137,1.198,0.171,1.176,0.204,1.153,0.236,1.127,0.266,1.1,0.296,1.045,0.35,0.993,0.394,0.943,0.43,0.896,0.456,0.846,0.479,0.793,0.498,0.738,0.514,0.681,0.525,0.621,0.533,0.559,0.536,0.495,0.536,0.428,0.532,0.336,0.52,0.281,0.509,0.228,0.492,0.174,0.469,0.124,0.44,0.1,0.423,0.078,0.404,0.06,0.383,0.044,0.36,0.03,0.334,0.019,0.308,0.012,0.282,0.008,0.256,0.003,0.202,0.004,0.152,0.013,0.103,0.024,0.06,0.048,-0.016,0.063,-0.053,0.079,-0.089,0.097,-0.123,0.116,-0.155,0.137,-0.186,0.159,-0.215,0.183,-0.242,0.208,-0.268,0.259,-0.315,0.309,-0.357,0.357,-0.393,0.404,-0.424,0.452,-0.449,0.506,-0.471,0.564,-0.491,0.628,-0.508,0.698,-0.521,0.772,-0.527,0.85,-0.527,0.932,-0.52,1.012,-0.512,1.06,-0.502,1.108,-0.488,1.158,-0.466,1.204,-0.44,1.227,-0.423,1.247,-0.403,1.265,-0.381,1.28,-0.356|1.188,-0.288,1.171,-0.31,1.153,-0.328,1.133,-0.342,1.112,-0.352,1.088,-0.359,1.063,-0.363,1.038,-0.365,1.012,-0.364,0.956,-0.356,0.9,-0.34,0.846,-0.319,0.796,-0.296,0.732,-0.264,0.676,-0.232,0.56,-0.168,0.443,-0.1,0.324,-0.024,0.28,0.006,0.236,0.04,0.213,0.058,0.192,0.078,0.173,0.098,0.156,0.12,0.141,0.142,0.13,0.165,0.122,0.188,0.116,0.212,0.112,0.238,0.114,0.263,0.12,0.288,0.132,0.312,0.147,0.334,0.165,0.352,0.185,0.366,0.208,0.376,0.232,0.383,0.257,0.387,0.282,0.389,0.308,0.388,0.364,0.377,0.42,0.36,0.474,0.339,0.524,0.316,0.589,0.284,0.648,0.252,0.768,0.188,0.88,0.124,0.938,0.089,1,0.048,1.084,-0.016,1.107,-0.034,1.128,-0.054,1.147,-0.075,1.164,-0.096,1.179,-0.118,1.19,-0.141,1.199,-0.164,1.204,-0.188,1.207,-0.214,1.206,-0.239,1.199,-0.264,1.188,-0.288
maestro 2030 0.288,-0.852,0.34,-0.862,0.364,-0.863,0.387,-0.863,0.409,-0.86,0.43,-0.856,0.449,-0.849,0.468,-0.84,0.502,-0.818,0.531,-0.792,0.556,-0.762,0.576,-0.728,0.594,-0.691,0.608,-0.653,0.618,-0.613,0.624,-0.572,0.626,-0.53,0.625,-0.491,0.62,-0.456,0.612,-0.424,0.673,-0.434,0.728,-0.448,0.754,-0.458,0.781,-0.474,0.808,-0.495,0.836,-0.52,0.883,-0.57,0.92,-0.616,1.004,-0.716,1.06,-0.684,0.616,0.992,0.456,0.992,0.497,0.861,0.54,0.732,0.612,0.516,0.646,0.412,0.676,0.332,0.734,0.166,0.78,0.02,0.819,-0.109,0.848,-0.216,0.873,-0.321,0.892,-0.412,0.85,-0.381,0.796,-0.344,0.73,-0.301,0.66,-0.26,0.587,-0.223,0.512,-0.192,0.474,-0.178,0.437,-0.167,0.4,-0.16,0.364,-0.156,0.326,-0.156,0.29,-0.158,0.256,-0.164,0.224,-0.173,0.194,-0.185,0.166,-0.2,0.14,-0.219,0.116,-0.24,0.093,-0.263,0.073,-0.288,0.055,-0.313,0.04,-0.339,0.027,-0.366,0.017,-0.394,0.009,-0.422,0.004,-0.452,0.001,-0.483,0.001,-0.513,0.004,-0.544,0.009,-0.574,0.017,-0.604,0.027,-0.633,0.04,-0.663,0.056,-0.692,0.075,-0.721,0.096,-0.747,0.12,-0.771,0.148,-0.792,0.178,-0.811,0.212,-0.827,0.249,-0.841,0.288,-0.852
maestro 2211 1.276,-1.004,1.276,-0.428,0.004,-0.428,0.004,-1.004,1.276,-1.004
maestro 221A 0.84,-1.128,0.809,-1.12,0.782,-1.109,0.757,-1.094,0.736,-1.076,0.717,-1.055,0.702,-1.033,0.689,-1.009,0.68,-0.984,0.672,-0.956,0.666,-0.927,0.664,-0.898,0.664,-0.868,0.669,-0.836,0.678,-0.806,0.689,-0.776,0.704,-0.748,0.73,-0.701,0.756,-0.659,0.782,-0.623,0.808,-0.592,0.864,-0.539,0.92,-0.492,0.956,-0.464,1.012,-0.42,1.047,-0.428,1.08,-0.44,1.111,-0.456,1.14,-0.476,1.168,-0.499,1.194,-0.525,1.217,-0.553,1.236,-0.584,1.254,-0.617,1.269,-0.651,1.28,-0.687,1.288,-0.724,1.292,-0.762,1.293,-0.8,1.29,-0.838,1.284,-0.876,1.277,-0.905,1.266,-0.934,1.254,-0.961,1.238,-0.987,1.22,-1.012,1.199,-1.036,1.175,-1.058,1.148,-1.08,1.119,-1.099,1.087,-1.115,1.052,-1.126,1.015,-1.134,0.975,-1.138,0.933,-1.138,0.888,-1.135,0.84,-1.128|0.888,-1.212,0.946,-1.21,1.008,-1.204,1.075,-1.194,1.14,-1.18,1.201,-1.159,1.256,-1.136,1.306,-1.107,1.327,-1.092,1.344,-1.076,1.377,-1.036,1.405,-0.993,1.427,-0.946,1.444,-0.896,1.457,-0.843,1.462,-0.788,1.461,-0.731,1.452,-0.672,1.445,-0.64,1.436,-0.61,1.424,-0.58,1.411,-0.551,1.395,-0.523,1.378,-0.496,1.358,-0.469,1.336,-0.444,1.311,-0.419,1.286,-0.396,1.26,-0.374,1.232,-0.355,1.204,-0.337,1.174,-0.322,1.143,-0.308,1.112,-0.296,1.15,-0.239,1.183,-0.184,1.21,-0.128,1.232,-0.074,1.248,-0.02,1.259,0.032,1.264,0.085,1.264,0.136,1.259,0.187,1.248,0.235,1.233,0.281,1.213,0.325,1.188,0.366,1.158,0.405,1.124,0.442,1.084,0.476,1.049,0.501,1.011,0.525,0.971,0.547,0.928,0.568,0.883,0.587,0.836,0.601,0.787,0.609,0.736,0.612,0.65,0.61,0.571,0.606,0.5,0.599,0.436,0.588,0.375,0.571,0.315,0.546,0.257,0.515,0.2,0.476,0.172,0.454,0.146,0.431,0.121,0.407,0.099,0.381,0.078,0.354,0.06,0.325,0.043,0.295,0.028,0.264,0.016,0.231,0.007,0.197,0.001,0.162,-0.001,0.126,0,0.09,0.005,0.052,0.013,0.015,0.024,-0.024,0.038,-0.063,0.054,-0.099,0.073,-0.133,0.096,-0.164,0.121,-0.195,0.148,-0.223,0.177,-0.249,0.208,-0.272,0.274,-0.317,0.344,-0.356,0.416,-0.394,0.488,-0.428,0.459,-0.457,0.434,-0.487,0.411,-0.519,0.391,-0.553,0.374,-0.588,0.36,-0.625,0.348,-0.664,0.34,-0.704,0.338,-0.734,0.338,-0.769,0.342,-0.808,0.348,-0.852,0.359,-0.9,0.377,-0.946,0.401,-0.992,0.432,-1.036,0.469,-1.08,0.508,-1.116,0.529,-1.133,0.551,-1.148,0.575,-1.161,0.6,-1.172,0.627,-1.181,0.656,-1.189,0.72,-1.2,0.798,-1.207,0.888,-1.212|0.592,-0.296,0.561,-0.29,0.53,-0.282,0.501,-0.272,0.473,-0.26,0.446,-0.246,0.42,-0.23,0.396,-0.212,0.372,-0.192,0.33,-0.147,0.295,-0.1,0.268,-0.051,0.248,-0,0.237,0.04,0.228,0.088,0.222,0.145,0.22,0.204,0.227,0.263,0.24,0.32,0.25,0.347,0.263,0.372,0.28,0.395,0.3,0.416,0.334,0.446,0.367,0.471,0.4,0.492,0.432,0.508,0.467,0.52,0.506,0.529,0.55,0.534,0.6,0.536,0.638,0.535,0.673,0.53,0.704,0.522,0.732,0.512,0.785,0.486,0.832,0.456,0.868,0.427,0.896,0.397,0.916,0.365,0.923,0.349,0.928,0.332,0.936,0.296,0.939,0.26,0.938,0.224,0.932,0.188,0.921,0.153,0.907,0.118,0.891,0.084,0.872,0.052,0.833,-0.011,0.796,-0.064,0.76,-0.112,0.708,-0.18,0.648,-0.248,0.618,-0.276,0.592,-0.296|1.696,-0.316,1.668,-0.317,1.643,-0.321,1.622,-0.327,1.604,-0.336,1.587,-0.349,1.574,-0.362,1.564,-0.377,1.556,-0.392,1.549,-0.408,1.544,-0.425,1.541,-0.442,1.54,-0.46,1.546,-0.495,1.556,-0.528,1.588,-0.628,1.611,-0.697,1.632,-0.768,1.65,-0.841,1.664,-0.908,1.669,-0.94,1.671,-0.968,1.671,-0.992,1.668,-1.012,1.664,-1.025,1.66,-1.032,1.655,-1.034,1.646,-1.033,1.62,-1.02,1.512,-0.944,1.472,-0.984,1.52,-1.024,1.553,-1.051,1.588,-1.076,1.624,-1.098,1.66,-1.116,1.678,-1.123,1.695,-1.127,1.712,-1.129,1.728,-1.128,1.748,-1.124,1.766,-1.116,1.781,-1.104,1.792,-1.088,1.801,-1.069,1.807,-1.048,1.811,-1.025,1.812,-1,1.808,-0.941,1.796,-0.876,1.778,-0.807,1.756,-0.736,1.716,-0.616,1.699,-0.553,1.688,-0.492,1.684,-0.452,1.685,-0.438,1.688,-0.428,1.695,-0.421,1.705,-0.417,1.717,-0.415,1.732,-0.416,1.757,-0.421,1.783,-0.433,1.811,-0.451,1.84,-0.476,1.871,-0.505,1.901,-0.537,1.929,-0.571,1.956,-0.608,1.982,-0.649,2.006,-0.69,2.026,-0.733,2.044,-0.776,2.059,-0.819,2.069,-0.859,2.073,-0.897,2.072,-0.932,2.07,-0.942,2.064,-0.948,2.04,-0.96,2.028,-0.968,2.008,-0.977,1.996,-0.988,1.988,-1.004,1.98,-1.028,1.977,-1.043,1.977,-1.058,1.979,-1.07,1.984,-1.082,1.991,-1.092,2.001,-1.102,2.013,-1.109,2.028,-1.116,2.053,-1.122,2.075,-1.122,2.095,-1.115,2.112,-1.1,2.127,-1.08,2.14,-1.056,2.151,-1.028,2.16,-0.996,2.164,-0.972,2.166,-0.947,2.165,-0.921,2.163,-0.895,2.152,-0.841,2.132,-0.784,2.106,-0.725,2.077,-0.668,2.044,-0.613,2.008,-0.56,1.968,-0.51,1.927,-0.465,1.886,-0.424,1.844,-0.388,1.802,-0.356,1.763,-0.334,1.728,-0.32,1.711,-0.317,1.696,-0.316|2.9,-0.516,2.84,-0.46,2.796,-0.424,2.772,-0.4,2.76,-0.391,2.746,-0.382,2.708,-0.368,2.669,-0.356,2.64,-0.352,2.626,-0.353,2.615,-0.357,2.606,-0.363,2.6,-0.372,2.596,-0.383,2.595,-0.397,2.596,-0.413,2.6,-0.432,2.636,-0.592,2.572,-0.512,2.534,-0.47,2.492,-0.432,2.448,-0.396,2.404,-0.368,2.38,-0.357,2.357,-0.35,2.334,-0.345,2.312,-0.344,2.271,-0.347,2.253,-0.352,2.236,-0.358,2.221,-0.366,2.207,-0.375,2.195,-0.387,2.184,-0.4,2.167,-0.431,2.154,-0.466,2.147,-0.503,2.144,-0.544,2.148,-0.589,2.156,-0.635,2.168,-0.683,2.184,-0.732,2.204,-0.781,2.226,-0.828,2.251,-0.873,2.28,-0.916,2.313,-0.958,2.348,-0.996,2.385,-1.03,2.424,-1.06,2.467,-1.086,2.51,-1.105,2.555,-1.116,2.6,-1.12,2.641,-1.117,2.68,-1.106,2.717,-1.089,2.752,-1.064,2.76,-1.112,2.88,-1.12,2.728,-0.48,2.729,-0.474,2.733,-0.47,2.738,-0.469,2.746,-0.47,2.769,-0.479,2.8,-0.496,2.832,-0.528,2.872,-0.568,2.9,-0.516|2.728,-0.984,2.722,-0.991,2.72,-0.996,2.708,-1.008,2.664,-1.036,2.643,-1.042,2.612,-1.044,2.592,-1.043,2.572,-1.038,2.552,-1.031,2.532,-1.021,2.512,-1.008,2.492,-0.992,2.472,-0.974,2.452,-0.952,2.412,-0.905,2.378,-0.854,2.349,-0.8,2.324,-0.744,2.305,-0.691,2.29,-0.641,2.28,-0.593,2.276,-0.548,2.276,-0.526,2.278,-0.508,2.283,-0.492,2.289,-0.479,2.298,-0.469,2.308,-0.462,2.321,-0.457,2.336,-0.456,2.368,-0.459,2.4,-0.468,2.432,-0.483,2.464,-0.504,2.495,-0.53,2.524,-0.558,2.551,-0.586,2.576,-0.616,2.619,-0.674,2.652,-0.728,2.684,-0.784,2.728,-0.984
maestro 2248 0.54,-0.844,0.592,-0.854,0.616,-0.855,0.639,-0.855,0.661,-0.852,0.682,-0.848,0.701,-0.841,0.72,-0.832,0.754,-0.81,0.784,-0.784,0.81,-0.754,0.832,-0.72,0.85,-0.683,0.863,-0.645,0.872,-0.605,0.876,-0.564,0.878,-0.522,0.878,-0.483,0.874,-0.448,0.868,-0.416,0.929,-0.427,0.984,-0.444,1.037,-0.473,1.092,-0.512,1.118,-0.534,1.142,-0.557,1.163,-0.58,1.18,-0.604,1.215,-0.654,1.256,-0.708,1.316,-0.676,1.112,0.112,0.888,0.972,0.604,2.04,0.448,2.04,0.498,1.902,0.544,1.768,0.62,1.548,0.676,1.372,0.764,1.056,0.798,0.928,0.828,0.824,0.88,0.636,0.838,0.667,0.784,0.704,0.721,0.746,0.652,0.784,0.579,0.821,0.504,0.852,0.465,0.866,0.426,0.877,0.389,0.884,0.352,0.888,0.302,0.887,0.255,0.881,0.212,0.869,0.172,0.852,0.134,0.83,0.101,0.805,0.072,0.776,0.048,0.744,0.028,0.709,0.013,0.672,0.002,0.633,-0.004,0.592,-0.008,0.55,-0.007,0.509,-0.002,0.468,0.008,0.428,0.024,0.389,0.045,0.353,0.07,0.319,0.1,0.288,0.137,0.258,0.178,0.233,0.225,0.212,0.276,0.196,0.328,0.186,0.352,0.185,0.375,0.185,0.397,0.188,0.418,0.192,0.437,0.199,0.456,0.208,0.49,0.23,0.52,0.256,0.546,0.286,0.568,0.32,0.586,0.357,0.599,0.395,0.608,0.435,0.612,0.476,0.614,0.516,0.614,0.554,0.61,0.589,0.604,0.62,0.662,0.61,0.716,0.596,0.742,0.586,0.769,0.571,0.796,0.552,0.824,0.528,0.856,0.498,0.88,0.472,0.898,0.444,0.912,0.416,0.927,0.387,0.94,0.356,0.976,0.276,0.988,0.22,1.004,0.162,1.02,0.092,1.06,-0.068,1.1,-0.228,1.132,-0.352,1.144,-0.4,1.102,-0.369,1.048,-0.332,0.985,-0.292,0.916,-0.252,0.843,-0.215,0.768,-0.184,0.729,-0.171,0.69,-0.162,0.652,-0.155,0.616,-0.152,0.566,-0.151,0.519,-0.156,0.476,-0.167,0.436,-0.184,0.4,-0.207,0.368,-0.234,0.34,-0.264,0.316,-0.296,0.296,-0.331,0.28,-0.368,0.268,-0.407,0.26,-0.448,0.256,-0.49,0.257,-0.531,0.262,-0.572,0.272,-0.612,0.288,-0.651,0.309,-0.687,0.334,-0.721,0.364,-0.752,0.4,-0.782,0.442,-0.807,0.488,-0.828,0.54,-0.844
opus 0023 0.691,0.279,0.309,0.408,0.309,-0.283,0.691,-0.412,0.691,0.279|0.691,-1.377,0.691,-0.775,0.309,-0.648,0.309,-1.248,0.207,-1.248,0.207,-0.619,0,-0.553,0,-0.188,0.207,-0.256,0.207,0.436,0,0.504,0,0.867,0.207,0.801,0.207,1.371,0.309,1.371,0.309,0.771,0.691,0.645,0.691,1.244,0.793,1.244,0.793,0.615,1,0.549,1,0.184,0.793,0.252,0.793,-0.439,1,-0.508,1,-0.871,0.793,-0.805,0.793,-1.377,0.691,-1.377
opus 0026 2.092,0.877,2.244,1.615,2.253,1.68,2.256,1.74,2.254,1.777,2.251,1.814,2.245,1.85,2.237,1.885,2.227,1.92,2.216,1.954,2.202,1.987,2.186,2.02,2.147,2.083,2.104,2.143,2.054,2.198,1.998,2.25,1.938,2.297,1.874,2.338,1.806,2.374,1.734,2.404,1.659,2.429,1.583,2.447,1.504,2.457,1.424,2.461,1.374,2.459,1.325,2.455,1.277,2.448,1.229,2.438,1.182,2.424,1.136,2.408,1.09,2.389,1.045,2.367,1.1,2.36,1.154,2.349,1.205,2.335,1.254,2.318,1.301,2.297,1.346,2.273,1.387,2.245,1.426,2.215,1.461,2.181,1.492,2.144,1.518,2.105,1.541,2.064,1.559,2.02,1.572,1.973,1.581,1.923,1.584,1.871,1.581,1.826,1.574,1.782,1.562,1.737,1.547,1.693,1.528,1.65,1.505,1.608,1.48,1.57,1.451,1.533,1.419,1.499,1.384,1.468,1.346,1.441,1.307,1.418,1.264,1.398,1.22,1.384,1.175,1.375,1.129,1.371,1.074,1.374,1.021,1.382,0.972,1.395,0.926,1.412,0.882,1.434,0.842,1.459,0.805,1.488,0.771,1.521,0.74,1.558,0.713,1.598,0.691,1.64,0.672,1.686,0.656,1.734,0.646,1.784,0.639,1.836,0.637,1.889,0.64,1.965,0.651,2.037,0.669,2.104,0.68,2.137,0.693,2.168,0.724,2.228,0.761,2.284,0.802,2.335,0.85,2.381,0.902,2.423,0.958,2.46,1.018,2.491,1.082,2.518,1.15,2.538,1.22,2.553,1.292,2.562,1.367,2.564,1.466,2.561,1.563,2.549,1.656,2.53,1.701,2.518,1.746,2.504,1.833,2.47,1.875,2.451,1.915,2.431,1.954,2.408,1.991,2.385,2.028,2.359,2.063,2.332,2.096,2.303,2.127,2.273,2.157,2.241,2.185,2.208,2.211,2.174,2.235,2.138,2.257,2.101,2.277,2.063,2.296,2.023,2.313,1.982,2.326,1.941,2.338,1.898,2.347,1.854,2.354,1.809,2.358,1.764,2.359,1.717,2.35,1.648,2.33,1.533,2.303,1.387,2.27,1.23,2.238,1.08,2.211,0.953,2.191,0.869,2.187,0.846,2.186,0.841,2.188,0.84,2.265,0.8,2.339,0.757,2.409,0.71,2.477,0.66,2.541,0.606,2.6,0.55,2.655,0.491,2.705,0.43,2.75,0.365,2.79,0.3,2.824,0.233,2.854,0.164,2.877,0.093,2.894,0.022,2.904,-0.05,2.908,-0.123,2.907,-0.172,2.903,-0.221,2.897,-0.268,2.888,-0.315,2.878,-0.361,2.865,-0.405,2.849,-0.449,2.832,-0.492,2.812,-0.534,2.791,-0.574,2.767,-0.614,2.742,-0.651,2.715,-0.688,2.687,-0.723,2.657,-0.757,2.625,-0.789,2.591,-0.82,2.556,-0.85,2.52,-0.878,2.482,-0.904,2.444,-0.928,2.404,-0.951,2.363,-0.971,2.32,-0.99,2.276,-1.007,2.232,-1.022,2.186,-1.035,2.14,-1.045,2.093,-1.053,2.045,-1.059,1.997,-1.063,1.947,-1.064,1.787,-1.053,1.611,-1.896,1.719,-1.991,1.819,-2.087,1.911,-2.183,1.997,-2.28,2.076,-2.378,2.147,-2.476,2.211,-2.576,2.268,-2.676,2.318,-2.777,2.361,-2.88,2.398,-2.984,2.428,-3.09,2.451,-3.196,2.468,-3.304,2.478,-3.413,2.48,-3.523,2.478,-3.608,2.472,-3.694,2.461,-3.78,2.446,-3.867,2.427,-3.955,2.404,-4.043,2.376,-4.132,2.344,-4.222,2.308,-4.312,2.268,-4.403,2.223,-4.494,2.174,-4.586,2.121,-4.679,2.063,-4.772,2.002,-4.866,1.936,-4.961,1.897,-4.928,1.859,-4.894,1.822,-4.858,1.787,-4.82,1.753,-4.781,1.72,-4.74,1.658,-4.652,1.6,-4.559,1.547,-4.46,1.499,-4.357,1.455,-4.248,1.416,-4.134,1.382,-4.017,1.353,-3.896,1.33,-3.771,1.311,-3.645,1.298,-3.517,1.29,-3.387,1.287,-3.256,1.289,-3.161,1.293,-3.068,1.301,-2.975,1.311,-2.883,1.323,-2.793,1.338,-2.703,1.356,-2.615,1.377,-2.527,1.211,-2.385,1.056,-2.244,0.912,-2.104,0.778,-1.965,0.655,-1.829,0.543,-1.693,0.441,-1.559,0.394,-1.492,0.35,-1.426,0.309,-1.36,0.27,-1.295,0.234,-1.23,0.2,-1.165,0.17,-1.101,0.142,-1.037,0.116,-0.973,0.093,-0.91,0.073,-0.847,0.056,-0.784,0.041,-0.722,0.029,-0.66,0.02,-0.599,0.013,-0.537,0.009,-0.476,0.008,-0.416,0.01,-0.345,0.017,-0.275,0.027,-0.206,0.042,-0.138,0.061,-0.072,0.083,-0.006,0.11,0.058,0.141,0.121,0.175,0.183,0.212,0.243,0.253,0.301,0.296,0.357,0.342,0.412,0.392,0.464,0.444,0.514,0.5,0.563,0.558,0.609,0.618,0.653,0.68,0.694,0.744,0.732,0.81,0.768,0.878,0.801,0.948,0.832,1.02,0.859,1.093,0.885,1.168,0.906,1.244,0.925,1.32,0.94,1.398,0.952,1.477,0.961,1.556,0.967,1.637,0.969,1.704,0.968,1.768,0.964,1.828,0.957,1.885,0.947,1.939,0.934,1.992,0.918,2.043,0.899,2.092,0.877|2.08,-4.381,2.127,-4.328,2.167,-4.274,2.201,-4.217,2.229,-4.157,2.251,-4.096,2.267,-4.031,2.276,-3.965,2.279,-3.896,2.276,-3.823,2.266,-3.748,2.249,-3.673,2.227,-3.596,2.198,-3.518,2.163,-3.439,2.121,-3.359,2.074,-3.278,2.02,-3.196,1.959,-3.113,1.893,-3.029,1.82,-2.944,1.74,-2.857,1.655,-2.77,1.563,-2.681,1.465,-2.592,1.454,-2.635,1.446,-2.679,1.44,-2.724,1.436,-2.771,1.43,-2.872,1.428,-2.977,1.43,-3.103,1.438,-3.229,1.451,-3.354,1.469,-3.479,1.492,-3.6,1.521,-3.716,1.553,-3.826,1.59,-3.932,1.629,-4.027,1.668,-4.108,1.708,-4.176,1.728,-4.204,1.748,-4.229,1.787,-4.271,1.822,-4.306,1.855,-4.333,1.885,-4.354,1.914,-4.369,1.945,-4.38,1.976,-4.386,2.008,-4.389,2.046,-4.386,2.08,-4.381,2.08,-4.381|2.164,0.713,1.881,-0.623,1.98,-0.633,2.043,-0.629,2.104,-0.618,2.161,-0.6,2.215,-0.576,2.266,-0.546,2.313,-0.511,2.358,-0.471,2.398,-0.428,2.435,-0.379,2.468,-0.328,2.496,-0.274,2.52,-0.217,2.538,-0.158,2.552,-0.098,2.561,-0.038,2.564,0.023,2.562,0.073,2.557,0.122,2.549,0.17,2.538,0.217,2.523,0.263,2.505,0.309,2.485,0.353,2.461,0.396,2.434,0.439,2.404,0.481,2.371,0.522,2.335,0.563,2.296,0.602,2.255,0.64,2.211,0.677,2.164,0.713,2.164,0.713|1.779,-0.607,2.068,0.768,2.015,0.795,1.959,0.818,1.902,0.837,1.844,0.852,1.782,0.863,1.718,0.872,1.652,0.876,1.584,0.877,1.523,0.876,1.463,0.872,1.404,0.865,1.345,0.856,1.288,0.845,1.231,0.831,1.176,0.814,1.121,0.795,1.067,0.773,1.015,0.749,0.964,0.723,0.915,0.695,0.867,0.666,0.822,0.634,0.777,0.6,0.734,0.564,0.694,0.527,0.655,0.487,0.619,0.447,0.585,0.405,0.553,0.361,0.524,0.317,0.497,0.27,0.473,0.223,0.45,0.174,0.431,0.124,0.414,0.073,0.401,0.021,0.39,-0.031,0.383,-0.085,0.378,-0.14,0.377,-0.195,0.378,-0.245,0.381,-0.295,0.387,-0.345,0.395,-0.395,0.405,-0.445,0.418,-0.496,0.432,-0.546,0.449,-0.597,0.468,-0.647,0.49,-0.698,0.54,-0.8,0.598,-0.902,0.666,-1.004,0.743,-1.107,0.828,-1.21,0.922,-1.313,1.024,-1.417,1.135,-1.521,1.255,-1.626,1.383,-1.731,1.52,-1.836,1.688,-1.035,1.609,-1.014,1.533,-0.988,1.46,-0.958,1.391,-0.922,1.323,-0.881,1.26,-0.835,1.201,-0.786,1.146,-0.732,1.096,-0.674,1.051,-0.613,1.013,-0.549,0.98,-0.482,0.954,-0.413,0.935,-0.343,0.924,-0.272,0.92,-0.199,0.922,-0.138,0.928,-0.08,0.938,-0.027,0.951,0.022,0.968,0.067,0.989,0.108,1.013,0.145,1.041,0.178,1.101,0.236,1.159,0.285,1.216,0.325,1.271,0.355,1.329,0.38,1.389,0.4,1.453,0.416,1.52,0.428,1.48,0.402,1.443,0.375,1.408,0.348,1.376,0.32,1.346,0.29,1.32,0.261,1.295,0.23,1.273,0.198,1.254,0.166,1.238,0.133,1.223,0.099,1.212,0.064,1.203,0.028,1.197,-0.008,1.193,-0.046,1.191,-0.084,1.194,-0.134,1.202,-0.182,1.216,-0.229,1.234,-0.273,1.258,-0.316,1.287,-0.356,1.32,-0.394,1.357,-0.43,1.399,-0.462,1.444,-0.492,1.493,-0.519,1.545,-0.543,1.6,-0.564,1.657,-0.582,1.717,-0.596,1.779,-0.607
opus 002B 1.275,0.111,1.275,-0.115,0.771,-0.115,0.771,-0.619,0.539,-0.619,0.539,-0.115,0.035,-0.115,0.035,0.111,0.539,0.111,0.539,0.637,0.771,0.637,0.771,0.111,1.275,0.111
opus 002D 1.381,-0,1.381,-0.236,0,-0.236,0,-0,1.381,-0
opus 002E 0.1,-0.057,0.102,-0.026,0.11,0.002,0.124,0.028,0.143,0.051,0.166,0.07,0.192,0.083,0.222,0.092,0.256,0.096,0.288,0.092,0.316,0.083,0.342,0.07,0.365,0.051,0.385,0.028,0.399,0.002,0.408,-0.026,0.412,-0.057,0.409,-0.088,0.4,-0.117,0.386,-0.143,0.367,-0.166,0.343,-0.186,0.317,-0.2,0.288,-0.209,0.256,-0.213,0.222,-0.209,0.192,-0.201,0.166,-0.187,0.143,-0.168,0.124,-0.144,0.11,-0.118,0.102,-0.089,0.1,-0.057
opus 002F 1.381,-0,1.381,-2,0.881,-2,0.881,-0,1.381,-0|0,-2,0,-0,0.5,-0,0.5,-2,0,-2
opus 0031 1.057,0.92,1.052,0.884,1.043,0.854,1.031,0.833,1.016,0.818,0.981,0.801,0.949,0.791,0.919,0.783,0.896,0.773,0.876,0.759,0.859,0.74,0.846,0.713,0.836,0.678,0.829,0.633,0.828,0.576,0.828,-0.936,0.777,-0.928,0.716,-0.923,0.645,-0.92,0.564,-0.92,0.484,-0.92,0.417,-0.923,0.36,-0.928,0.316,-0.936,0.305,-0.87,0.285,-0.794,0.257,-0.709,0.221,-0.614,0.177,-0.509,0.125,-0.395,0.064,-0.271,-0.004,-0.137,0.019,-0.133,0.039,-0.133,0.08,-0.176,0.166,-0.275,0.25,-0.375,0.293,-0.424,0.299,-0.414,0.305,-0.402,0.313,-0.366,0.319,-0.318,0.32,-0.256,0.32,0.568,0.318,0.624,0.312,0.671,0.302,0.709,0.287,0.738,0.267,0.762,0.241,0.781,0.209,0.797,0.172,0.809,0.158,0.814,0.145,0.822,0.135,0.832,0.126,0.845,0.12,0.86,0.115,0.878,0.112,0.898,0.111,0.92,1.057,0.92
opus 0032 1.535,0.264,1.49,0.307,1.457,0.346,1.433,0.382,1.416,0.414,1.405,0.44,1.398,0.461,1.393,0.48,1.379,0.496,1.364,0.509,1.347,0.52,1.328,0.529,1.308,0.536,1.286,0.541,1.262,0.544,1.236,0.545,1.214,0.543,1.186,0.539,1.111,0.521,0.918,0.467,0.813,0.436,0.715,0.408,0.626,0.389,0.589,0.383,0.557,0.381,0.501,0.384,0.447,0.389,0.447,0.385,0.487,0.356,0.535,0.326,0.591,0.293,0.652,0.26,0.789,0.191,0.934,0.123,1.072,0.059,1.197,-0.002,1.299,-0.053,1.336,-0.077,1.363,-0.1,1.394,-0.129,1.421,-0.162,1.443,-0.197,1.462,-0.234,1.477,-0.275,1.487,-0.318,1.494,-0.364,1.496,-0.412,1.494,-0.448,1.488,-0.486,1.477,-0.528,1.463,-0.572,1.443,-0.619,1.418,-0.665,1.388,-0.71,1.352,-0.754,1.309,-0.796,1.258,-0.835,1.2,-0.87,1.135,-0.902,1.099,-0.917,1.06,-0.929,1.019,-0.94,0.977,-0.948,0.932,-0.955,0.884,-0.96,0.783,-0.965,0.699,-0.963,0.622,-0.957,0.551,-0.948,0.486,-0.936,0.427,-0.92,0.375,-0.901,0.329,-0.879,0.289,-0.854,0.222,-0.799,0.167,-0.746,0.143,-0.719,0.123,-0.693,0.106,-0.667,0.092,-0.641,0.069,-0.586,0.052,-0.528,0.042,-0.466,0.039,-0.4,0.04,-0.371,0.042,-0.343,0.047,-0.317,0.054,-0.293,0.062,-0.271,0.072,-0.251,0.085,-0.233,0.099,-0.216,0.115,-0.202,0.134,-0.19,0.154,-0.179,0.176,-0.171,0.2,-0.164,0.226,-0.16,0.253,-0.157,0.283,-0.156,0.309,-0.157,0.335,-0.161,0.36,-0.166,0.385,-0.174,0.432,-0.195,0.475,-0.223,0.495,-0.24,0.513,-0.259,0.528,-0.279,0.541,-0.301,0.552,-0.325,0.561,-0.349,0.566,-0.374,0.568,-0.4,0.566,-0.422,0.562,-0.444,0.556,-0.464,0.547,-0.484,0.524,-0.521,0.496,-0.555,0.428,-0.619,0.355,-0.68,0.374,-0.703,0.397,-0.723,0.424,-0.74,0.455,-0.754,0.49,-0.765,0.529,-0.773,0.572,-0.778,0.619,-0.779,0.657,-0.777,0.693,-0.771,0.728,-0.761,0.76,-0.748,0.791,-0.732,0.819,-0.714,0.845,-0.693,0.869,-0.67,0.89,-0.643,0.909,-0.614,0.924,-0.583,0.938,-0.549,0.949,-0.513,0.957,-0.476,0.962,-0.437,0.965,-0.396,0.961,-0.318,0.957,-0.283,0.951,-0.25,0.942,-0.219,0.928,-0.188,0.911,-0.158,0.891,-0.129,0.864,-0.098,0.832,-0.065,0.794,-0.03,0.75,0.006,0.641,0.089,0.5,0.188,0.449,0.226,0.401,0.264,0.357,0.303,0.316,0.341,0.28,0.379,0.247,0.417,0.217,0.455,0.191,0.492,0.135,0.576,0.107,0.616,0.082,0.658,0.061,0.703,0.043,0.752,0.028,0.806,0.02,0.867,0.028,0.876,0.04,0.882,0.053,0.885,0.068,0.887,0.085,0.885,0.1,0.88,0.115,0.873,0.129,0.863,0.158,0.84,0.188,0.813,0.221,0.783,0.26,0.758,0.283,0.747,0.308,0.74,0.336,0.735,0.367,0.732,0.395,0.736,0.428,0.744,0.51,0.77,0.709,0.846,0.815,0.886,0.916,0.92,0.964,0.935,1.007,0.945,1.046,0.952,1.08,0.955,1.132,0.952,1.18,0.944,1.225,0.931,1.267,0.912,1.307,0.888,1.343,0.858,1.376,0.823,1.406,0.782,1.433,0.736,1.457,0.685,1.477,0.628,1.495,0.566,1.51,0.499,1.521,0.426,1.53,0.347,1.535,0.264
opus 0033 1.443,0.389,1.441,0.35,1.436,0.314,1.428,0.278,1.417,0.245,1.403,0.212,1.386,0.182,1.366,0.153,1.344,0.125,1.319,0.099,1.292,0.075,1.263,0.053,1.233,0.034,1.2,0.017,1.166,0.003,1.13,-0.01,1.092,-0.02,1.088,-0.023,1.122,-0.036,1.155,-0.052,1.186,-0.07,1.215,-0.09,1.245,-0.115,1.275,-0.146,1.306,-0.182,1.338,-0.225,1.354,-0.248,1.367,-0.273,1.379,-0.3,1.389,-0.329,1.396,-0.359,1.402,-0.391,1.406,-0.425,1.408,-0.461,1.404,-0.519,1.395,-0.573,1.38,-0.624,1.359,-0.672,1.346,-0.695,1.33,-0.719,1.289,-0.766,1.238,-0.814,1.176,-0.861,1.139,-0.884,1.096,-0.904,1.048,-0.921,0.995,-0.935,0.935,-0.946,0.871,-0.954,0.8,-0.959,0.725,-0.961,0.652,-0.959,0.583,-0.954,0.518,-0.944,0.457,-0.932,0.4,-0.916,0.346,-0.896,0.297,-0.875,0.252,-0.85,0.211,-0.821,0.176,-0.79,0.145,-0.755,0.119,-0.719,0.099,-0.679,0.084,-0.636,0.075,-0.592,0.072,-0.545,0.074,-0.517,0.078,-0.49,0.083,-0.465,0.091,-0.442,0.101,-0.42,0.114,-0.4,0.128,-0.381,0.145,-0.363,0.163,-0.347,0.183,-0.333,0.204,-0.321,0.227,-0.312,0.25,-0.304,0.275,-0.298,0.301,-0.294,0.328,-0.293,0.376,-0.295,0.417,-0.303,0.451,-0.315,0.479,-0.332,0.502,-0.352,0.521,-0.372,0.537,-0.391,0.549,-0.41,0.558,-0.429,0.565,-0.45,0.57,-0.472,0.572,-0.496,0.568,-0.539,0.558,-0.578,0.543,-0.615,0.523,-0.648,0.477,-0.713,0.428,-0.775,0.442,-0.788,0.458,-0.799,0.478,-0.809,0.5,-0.817,0.525,-0.823,0.552,-0.828,0.615,-0.832,0.658,-0.83,0.699,-0.826,0.736,-0.819,0.771,-0.808,0.803,-0.795,0.832,-0.779,0.859,-0.761,0.882,-0.739,0.903,-0.715,0.921,-0.688,0.937,-0.658,0.95,-0.625,0.959,-0.589,0.967,-0.55,0.971,-0.509,0.973,-0.465,0.971,-0.418,0.967,-0.376,0.961,-0.338,0.951,-0.305,0.938,-0.274,0.923,-0.247,0.905,-0.222,0.885,-0.201,0.861,-0.182,0.834,-0.165,0.804,-0.151,0.771,-0.139,0.736,-0.129,0.697,-0.121,0.656,-0.115,0.611,-0.111,0.525,-0.102,0.496,-0.097,0.475,-0.09,0.467,-0.084,0.46,-0.076,0.455,-0.066,0.451,-0.055,0.445,-0.022,0.443,0.02,0.445,0.027,0.449,0.033,0.465,0.045,0.49,0.056,0.525,0.064,0.618,0.078,0.732,0.088,0.763,0.096,0.791,0.105,0.817,0.117,0.842,0.13,0.864,0.146,0.885,0.163,0.903,0.182,0.92,0.203,0.935,0.227,0.948,0.253,0.959,0.281,0.968,0.313,0.975,0.346,0.98,0.382,0.983,0.42,0.984,0.461,0.982,0.497,0.978,0.533,0.972,0.567,0.963,0.6,0.95,0.633,0.933,0.668,0.911,0.704,0.885,0.74,0.869,0.758,0.85,0.773,0.828,0.786,0.804,0.796,0.777,0.805,0.747,0.811,0.715,0.815,0.68,0.816,0.64,0.815,0.604,0.812,0.57,0.807,0.539,0.799,0.51,0.79,0.484,0.778,0.46,0.764,0.439,0.748,0.466,0.722,0.49,0.695,0.51,0.666,0.526,0.636,0.539,0.604,0.549,0.571,0.554,0.536,0.557,0.5,0.555,0.477,0.55,0.456,0.544,0.435,0.535,0.416,0.523,0.396,0.506,0.375,0.486,0.354,0.463,0.332,0.434,0.311,0.399,0.296,0.359,0.287,0.313,0.283,0.286,0.285,0.26,0.289,0.235,0.295,0.211,0.303,0.187,0.313,0.162,0.328,0.136,0.347,0.109,0.369,0.097,0.383,0.085,0.398,0.076,0.415,0.068,0.433,0.062,0.453,0.057,0.475,0.053,0.523,0.056,0.572,0.065,0.617,0.08,0.66,0.102,0.699,0.13,0.736,0.163,0.77,0.201,0.8,0.244,0.828,0.292,0.853,0.344,0.875,0.399,0.893,0.459,0.908,0.523,0.921,0.59,0.93,0.66,0.935,0.732,0.936,0.812,0.934,0.888,0.929,0.96,0.919,1.027,0.904,1.09,0.885,1.148,0.861,1.202,0.833,1.25,0.801,1.293,0.765,1.331,0.724,1.364,0.68,1.391,0.631,1.413,0.577,1.429,0.519,1.439,0.456,1.443,0.389
opus 0034 1.568,0.5,1.568,0.332,1.316,0.332,1.316,-0.568,0.816,-0.123,0.816,0.332,0.275,0.332,0.303,0.273,0.34,0.208,0.387,0.137,0.443,0.062,0.51,-0.02,0.586,-0.107,0.672,-0.199,0.768,-0.297,0.854,-0.387,0.931,-0.474,0.998,-0.558,1.056,-0.639,1.104,-0.718,1.143,-0.793,1.172,-0.866,1.183,-0.901,1.191,-0.936,0.508,-0.936,0.499,-0.86,0.486,-0.781,0.47,-0.7,0.449,-0.615,0.424,-0.528,0.396,-0.441,0.366,-0.354,0.332,-0.268,0.295,-0.181,0.257,-0.097,0.217,-0.015,0.176,0.064,0.133,0.141,0.089,0.212,0.045,0.279,0,0.34,0,0.5,0.816,0.5,0.813,0.666,0.81,0.714,0.805,0.74,0.792,0.756,0.775,0.77,0.754,0.783,0.728,0.793,0.698,0.803,0.663,0.81,0.624,0.816,0.58,0.82,0.572,0.932,1.557,0.932,1.539,0.816,1.42,0.805,1.38,0.795,1.352,0.783,1.34,0.775,1.331,0.766,1.323,0.755,1.318,0.744,1.313,0.715,1.313,0.68,1.313,0.653,1.316,0.604,1.316,0.5,1.568,0.5
opus 0035 0,0.473,0.003,0.516,0.011,0.558,0.025,0.599,0.045,0.639,0.071,0.677,0.103,0.713,0.139,0.747,0.182,0.779,0.229,0.809,0.281,0.835,0.338,0.858,0.4,0.877,0.467,0.892,0.539,0.903,0.615,0.91,0.695,0.912,0.777,0.91,0.855,0.902,0.931,0.889,1.004,0.871,1.073,0.847,1.137,0.819,1.197,0.786,1.252,0.748,1.303,0.705,1.347,0.658,1.386,0.606,1.418,0.551,1.432,0.522,1.445,0.491,1.455,0.461,1.464,0.429,1.476,0.363,1.48,0.293,1.476,0.227,1.465,0.165,1.447,0.105,1.422,0.049,1.39,-0.004,1.354,-0.053,1.312,-0.098,1.266,-0.139,1.214,-0.176,1.158,-0.209,1.099,-0.237,1.035,-0.26,0.966,-0.279,0.889,-0.292,0.804,-0.3,0.711,-0.303,0.662,-0.301,0.612,-0.296,0.561,-0.288,0.51,-0.277,0.458,-0.262,0.405,-0.245,0.351,-0.223,0.297,-0.199,0.297,-0.299,0.305,-0.406,0.314,-0.494,0.323,-0.521,0.328,-0.527,0.334,-0.529,0.355,-0.53,0.393,-0.527,0.49,-0.518,0.588,-0.51,0.629,-0.507,0.66,-0.508,0.746,-0.509,0.827,-0.514,0.903,-0.523,0.973,-0.535,1.039,-0.55,1.099,-0.568,1.154,-0.59,1.204,-0.615,1.248,-0.643,1.288,-0.675,1.322,-0.71,1.351,-0.748,1.375,-0.79,1.394,-0.835,1.408,-0.884,1.416,-0.936,1.281,-0.915,1.145,-0.9,1.008,-0.892,0.871,-0.889,0.765,-0.889,0.664,-0.892,0.568,-0.897,0.478,-0.903,0.392,-0.912,0.312,-0.923,0.237,-0.936,0.168,-0.951,0.129,-0.388,0.1,0.012,0.164,0.004,0.207,-0.004,0.254,-0.016,0.265,-0.022,0.273,-0.031,0.305,-0.057,0.347,-0.08,0.389,-0.101,0.43,-0.119,0.472,-0.133,0.513,-0.145,0.553,-0.153,0.593,-0.158,0.633,-0.16,0.67,-0.158,0.705,-0.152,0.737,-0.141,0.768,-0.127,0.798,-0.106,0.829,-0.078,0.859,-0.043,0.891,-0.002,0.905,0.023,0.918,0.051,0.929,0.083,0.938,0.119,0.945,0.158,0.95,0.201,0.954,0.247,0.955,0.297,0.954,0.359,0.95,0.418,0.943,0.472,0.934,0.522,0.922,0.569,0.908,0.611,0.891,0.649,0.871,0.684,0.849,0.714,0.824,0.74,0.796,0.762,0.766,0.78,0.733,0.794,0.698,0.804,0.66,0.81,0.619,0.813,0.585,0.811,0.553,0.807,0.524,0.801,0.497,0.792,0.472,0.78,0.45,0.765,0.43,0.748,0.412,0.729,0.417,0.716,0.434,0.693,0.482,0.623,0.508,0.579,0.531,0.531,0.542,0.507,0.549,0.482,0.554,0.457,0.557,0.432,0.555,0.4,0.552,0.371,0.546,0.344,0.538,0.319,0.528,0.295,0.516,0.274,0.501,0.255,0.484,0.238,0.465,0.223,0.444,0.209,0.421,0.198,0.396,0.189,0.368,0.182,0.338,0.176,0.306,0.173,0.271,0.172,0.242,0.174,0.214,0.179,0.187,0.187,0.162,0.197,0.138,0.211,0.115,0.227,0.094,0.244,0.074,0.264,0.057,0.286,0.042,0.309,0.03,0.334,0.02,0.359,0.011,0.387,0.005,0.415,0.001,0.444,0,0.473
opus 0036 1.5,0.301,1.498,0.246,1.49,0.193,1.478,0.144,1.461,0.098,1.439,0.054,1.413,0.015,1.383,-0.022,1.35,-0.055,1.312,-0.084,1.271,-0.11,1.227,-0.133,1.18,-0.152,1.129,-0.168,1.075,-0.179,1.019,-0.185,0.961,-0.188,0.903,-0.186,0.845,-0.18,0.786,-0.171,0.727,-0.158,0.667,-0.141,0.606,-0.12,0.546,-0.096,0.484,-0.068,0.48,-0.207,0.48,-0.275,0.481,-0.328,0.484,-0.379,0.49,-0.43,0.498,-0.48,0.51,-0.53,0.524,-0.577,0.54,-0.621,0.559,-0.662,0.579,-0.701,0.602,-0.736,0.626,-0.766,0.652,-0.793,0.682,-0.814,0.712,-0.83,0.745,-0.84,0.779,-0.844,0.812,-0.842,0.84,-0.838,0.864,-0.83,0.884,-0.82,0.899,-0.806,0.91,-0.79,0.917,-0.77,0.92,-0.748,0.914,-0.714,0.902,-0.676,0.89,-0.639,0.883,-0.611,0.878,-0.589,0.877,-0.572,0.879,-0.543,0.883,-0.515,0.889,-0.488,0.898,-0.463,0.909,-0.439,0.923,-0.417,0.939,-0.396,0.957,-0.377,0.977,-0.359,0.999,-0.344,1.022,-0.331,1.046,-0.32,1.071,-0.311,1.098,-0.306,1.127,-0.302,1.156,-0.301,1.186,-0.302,1.214,-0.306,1.241,-0.312,1.266,-0.32,1.29,-0.331,1.313,-0.343,1.334,-0.358,1.354,-0.375,1.372,-0.394,1.388,-0.414,1.402,-0.436,1.413,-0.459,1.422,-0.484,1.429,-0.511,1.433,-0.539,1.436,-0.568,1.431,-0.609,1.421,-0.649,1.404,-0.687,1.381,-0.723,1.352,-0.757,1.318,-0.789,1.28,-0.818,1.236,-0.844,1.189,-0.868,1.138,-0.889,1.083,-0.907,1.025,-0.922,0.965,-0.935,0.902,-0.944,0.838,-0.949,0.771,-0.951,0.729,-0.95,0.687,-0.946,0.646,-0.94,0.606,-0.931,0.567,-0.921,0.529,-0.908,0.493,-0.892,0.457,-0.875,0.422,-0.856,0.388,-0.834,0.356,-0.812,0.325,-0.787,0.295,-0.761,0.266,-0.733,0.239,-0.703,0.213,-0.672,0.164,-0.604,0.122,-0.531,0.085,-0.453,0.055,-0.369,0.031,-0.281,0.014,-0.189,0.003,-0.094,0,0.004,0.003,0.11,0.01,0.208,0.022,0.298,0.039,0.38,0.06,0.454,0.086,0.52,0.117,0.577,0.134,0.603,0.152,0.627,0.19,0.671,0.227,0.71,0.264,0.746,0.301,0.779,0.338,0.807,0.375,0.832,0.411,0.854,0.447,0.871,0.485,0.886,0.523,0.899,0.563,0.91,0.604,0.919,0.647,0.926,0.691,0.932,0.737,0.935,0.783,0.936,0.859,0.933,0.932,0.925,1.001,0.912,1.068,0.895,1.132,0.871,1.19,0.843,1.245,0.81,1.295,0.771,1.34,0.728,1.38,0.681,1.414,0.629,1.443,0.572,1.467,0.511,1.485,0.445,1.496,0.375,1.5,0.301|0.805,-0.012,0.832,-0.01,0.857,-0.005,0.881,0.002,0.903,0.014,0.923,0.028,0.942,0.045,0.959,0.066,0.974,0.089,0.987,0.116,0.998,0.146,1.008,0.179,1.016,0.216,1.023,0.255,1.027,0.298,1.031,0.393,1.03,0.442,1.027,0.488,1.022,0.531,1.014,0.571,1.005,0.608,0.994,0.641,0.981,0.672,0.965,0.699,0.948,0.723,0.929,0.743,0.908,0.761,0.884,0.775,0.859,0.786,0.832,0.794,0.803,0.799,0.771,0.801,0.739,0.799,0.708,0.794,0.679,0.786,0.653,0.775,0.628,0.761,0.606,0.743,0.586,0.723,0.568,0.699,0.552,0.672,0.538,0.641,0.527,0.608,0.517,0.571,0.51,0.531,0.504,0.488,0.501,0.442,0.5,0.393,0.501,0.344,0.504,0.298,0.51,0.255,0.518,0.216,0.529,0.179,0.542,0.146,0.557,0.116,0.575,0.089,0.595,0.066,0.618,0.045,0.643,0.028,0.671,0.014,0.701,0.002,0.733,-0.005,0.768,-0.01,0.805,-0.012
opus 0037 1.496,-0.863,1.496,-0.869,1.493,-0.873,1.483,-0.88,1.465,-0.884,1.439,-0.885,1.4,-0.885,1.383,-0.834,1.362,-0.79,1.339,-0.753,1.312,-0.722,1.282,-0.698,1.25,-0.682,1.214,-0.671,1.176,-0.668,1.153,-0.672,1.126,-0.68,1.097,-0.694,1.064,-0.713,0.912,-0.814,0.829,-0.87,0.746,-0.918,0.706,-0.939,0.668,-0.954,0.633,-0.964,0.6,-0.969,0.573,-0.966,0.544,-0.961,0.514,-0.954,0.482,-0.943,0.419,-0.919,0.357,-0.893,0.254,-0.846,0.22,-0.83,0.203,-0.824,0.183,-0.829,0.144,-0.844,0.008,-0.904,0.008,-0.713,0.004,-0.52,0.004,-0.352,0.009,-0.333,0.016,-0.315,0.024,-0.298,0.035,-0.282,0.061,-0.252,0.096,-0.225,0.123,-0.305,0.158,-0.385,0.176,-0.42,0.193,-0.449,0.214,-0.473,0.236,-0.488,0.334,-0.453,0.496,-0.391,0.584,-0.36,0.67,-0.334,0.71,-0.323,0.747,-0.315,0.779,-0.31,0.809,-0.309,0.851,-0.31,0.894,-0.314,0.938,-0.322,0.981,-0.332,1.026,-0.344,1.07,-0.36,1.115,-0.379,1.16,-0.4,1.138,-0.359,1.113,-0.317,1.084,-0.274,1.051,-0.229,1.015,-0.183,0.975,-0.136,0.885,-0.039,0.818,0.028,0.756,0.095,0.698,0.161,0.643,0.226,0.593,0.29,0.547,0.354,0.505,0.417,0.466,0.479,0.432,0.541,0.402,0.601,0.376,0.661,0.353,0.721,0.335,0.779,0.321,0.837,0.311,0.895,0.305,0.951,0.359,0.943,0.421,0.938,0.493,0.934,0.572,0.932,0.782,0.935,0.857,0.938,0.912,0.943,0.912,0.928,0.913,0.885,0.916,0.841,0.928,0.746,0.949,0.644,0.979,0.533,1.018,0.414,1.066,0.286,1.122,0.149,1.188,0.004,1.259,-0.155,1.322,-0.299,1.375,-0.429,1.418,-0.545,1.452,-0.646,1.476,-0.733,1.491,-0.805,1.495,-0.836,1.496,-0.863
opus 0038 1.451,0.363,1.45,0.329,1.446,0.295,1.44,0.263,1.432,0.232,1.422,0.202,1.409,0.173,1.394,0.145,1.376,0.119,1.357,0.093,1.335,0.069,1.311,0.046,1.285,0.024,1.256,0.003,1.225,-0.017,1.192,-0.035,1.156,-0.053,1.215,-0.1,1.266,-0.149,1.31,-0.201,1.328,-0.228,1.345,-0.256,1.36,-0.285,1.373,-0.314,1.384,-0.344,1.392,-0.375,1.399,-0.406,1.404,-0.438,1.407,-0.471,1.408,-0.504,1.404,-0.556,1.394,-0.605,1.378,-0.651,1.355,-0.693,1.327,-0.734,1.293,-0.77,1.254,-0.803,1.211,-0.832,1.163,-0.859,1.11,-0.882,1.052,-0.902,0.99,-0.918,0.924,-0.932,0.855,-0.942,0.783,-0.948,0.707,-0.951,0.637,-0.949,0.57,-0.942,0.506,-0.931,0.445,-0.916,0.388,-0.897,0.334,-0.874,0.284,-0.847,0.238,-0.816,0.197,-0.782,0.161,-0.745,0.13,-0.703,0.104,-0.658,0.083,-0.61,0.068,-0.559,0.06,-0.504,0.057,-0.447,0.058,-0.409,0.061,-0.372,0.066,-0.337,0.073,-0.303,0.082,-0.27,0.094,-0.239,0.107,-0.209,0.123,-0.18,0.14,-0.153,0.16,-0.127,0.181,-0.102,0.205,-0.079,0.231,-0.057,0.259,-0.037,0.288,-0.018,0.32,-0,0.285,0.012,0.251,0.026,0.22,0.042,0.19,0.06,0.162,0.08,0.137,0.103,0.113,0.128,0.092,0.154,0.072,0.183,0.055,0.213,0.041,0.244,0.029,0.276,0.02,0.31,0.013,0.344,0.009,0.379,0.008,0.416,0.011,0.477,0.021,0.534,0.037,0.587,0.061,0.637,0.09,0.683,0.125,0.725,0.165,0.764,0.211,0.799,0.262,0.831,0.317,0.858,0.376,0.882,0.439,0.9,0.508,0.916,0.579,0.927,0.654,0.933,0.732,0.936,0.803,0.933,0.872,0.925,0.939,0.912,1.004,0.895,1.067,0.872,1.125,0.845,1.181,0.813,1.232,0.777,1.28,0.737,1.323,0.694,1.359,0.647,1.391,0.596,1.416,0.542,1.435,0.485,1.447,0.425,1.451,0.363|1.133,-0.52,1.129,-0.464,1.119,-0.413,1.102,-0.365,1.078,-0.321,1.047,-0.281,1.009,-0.245,0.964,-0.212,0.912,-0.184,0.85,-0.203,0.791,-0.223,0.737,-0.244,0.687,-0.266,0.64,-0.289,0.598,-0.313,0.56,-0.337,0.525,-0.363,0.495,-0.389,0.469,-0.417,0.447,-0.445,0.429,-0.474,0.415,-0.504,0.405,-0.535,0.398,-0.567,0.396,-0.6,0.398,-0.628,0.402,-0.654,0.408,-0.679,0.417,-0.701,0.429,-0.722,0.443,-0.741,0.46,-0.758,0.479,-0.774,0.502,-0.788,0.526,-0.799,0.553,-0.809,0.583,-0.818,0.616,-0.824,0.651,-0.828,0.729,-0.832,0.775,-0.831,0.818,-0.827,0.859,-0.822,0.897,-0.813,0.933,-0.803,0.965,-0.79,0.996,-0.775,1.023,-0.758,1.049,-0.738,1.071,-0.715,1.089,-0.691,1.104,-0.664,1.117,-0.635,1.125,-0.604,1.131,-0.571,1.133,-0.535,1.133,-0.52,1.133,-0.52|1.084,0.539,1.081,0.568,1.075,0.595,1.066,0.62,1.053,0.645,1.037,0.667,1.018,0.688,0.996,0.706,0.971,0.723,0.943,0.738,0.913,0.751,0.882,0.763,0.85,0.771,0.815,0.779,0.779,0.785,0.74,0.788,0.699,0.789,0.657,0.787,0.615,0.782,0.574,0.774,0.533,0.764,0.494,0.75,0.457,0.734,0.422,0.715,0.391,0.693,0.361,0.669,0.336,0.642,0.314,0.612,0.297,0.58,0.282,0.545,0.272,0.507,0.266,0.467,0.264,0.424,0.267,0.37,0.277,0.319,0.294,0.272,0.318,0.228,0.348,0.187,0.386,0.149,0.43,0.115,0.48,0.084,0.695,0.186,0.797,0.237,0.889,0.291,0.93,0.32,0.968,0.349,1.001,0.378,1.029,0.408,1.052,0.44,1.069,0.472,1.08,0.505,1.084,0.539
opus 003D 2.82,-1.305,2.82,-1.561,0.805,-1.561,0.805,-1.305,2.82,-1.305|2.82,-0.527,2.82,-0.783,0.805,-0.783,0.805,-0.527,2.82,-0.527
opus 003E 1.641,-0.42,0,-0.84,0,-0.68,1.141,-0.42,0,-0.16,0,-0,1.641,-0.42
opus 003F 0.035,2.207,0.038,2.229,0.045,2.248,0.055,2.264,0.069,2.277,0.087,2.288,0.109,2.295,0.135,2.299,0.164,2.301,0.196,2.3,0.23,2.297,0.268,2.292,0.309,2.283,0.399,2.258,0.498,2.225,0.604,2.181,0.717,2.129,0.833,2.069,0.951,2.002,1.07,1.927,1.188,1.846,1.304,1.757,1.414,1.664,1.468,1.615,1.52,1.564,1.569,1.512,1.617,1.459,1.664,1.404,1.708,1.348,1.749,1.291,1.787,1.232,1.891,1.062,1.977,0.908,2.013,0.837,2.045,0.769,2.073,0.703,2.098,0.641,2.119,0.58,2.136,0.52,2.151,0.46,2.162,0.402,2.172,0.343,2.178,0.283,2.182,0.222,2.184,0.16,2.182,0.063,2.174,-0.029,2.161,-0.114,2.143,-0.193,2.121,-0.266,2.099,-0.332,2.077,-0.39,2.055,-0.441,2.028,-0.491,1.995,-0.545,1.955,-0.604,1.908,-0.666,1.881,-0.698,1.849,-0.73,1.814,-0.761,1.775,-0.791,1.732,-0.82,1.684,-0.849,1.633,-0.877,1.578,-0.904,1.519,-0.93,1.456,-0.952,1.389,-0.97,1.318,-0.986,1.244,-0.998,1.167,-1.007,1.085,-1.013,1,-1.016,0.904,-1.011,0.81,-0.999,0.718,-0.979,0.629,-0.951,0.544,-0.916,0.463,-0.875,0.388,-0.828,0.318,-0.775,0.285,-0.746,0.254,-0.716,0.224,-0.685,0.196,-0.653,0.17,-0.619,0.146,-0.585,0.124,-0.549,0.104,-0.512,0.085,-0.473,0.068,-0.434,0.055,-0.394,0.043,-0.354,0.035,-0.312,0.028,-0.27,0.025,-0.227,0.023,-0.184,0.025,-0.125,0.03,-0.069,0.039,-0.015,0.051,0.037,0.067,0.087,0.086,0.135,0.109,0.179,0.135,0.221,0.163,0.258,0.195,0.292,0.229,0.32,0.266,0.344,0.305,0.363,0.347,0.377,0.392,0.386,0.439,0.389,0.485,0.387,0.528,0.382,0.567,0.375,0.603,0.364,0.635,0.351,0.664,0.335,0.69,0.316,0.713,0.295,0.752,0.25,0.785,0.206,0.811,0.164,0.83,0.123,0.844,0.081,0.854,0.037,0.86,-0.009,0.863,-0.057,0.861,-0.089,0.856,-0.122,0.848,-0.153,0.838,-0.184,0.824,-0.214,0.809,-0.242,0.791,-0.269,0.771,-0.293,0.749,-0.316,0.726,-0.336,0.7,-0.354,0.674,-0.369,0.645,-0.382,0.615,-0.392,0.584,-0.398,0.553,-0.4,0.522,-0.398,0.493,-0.394,0.464,-0.388,0.438,-0.379,0.389,-0.357,0.348,-0.334,0.313,-0.311,0.289,-0.291,0.276,-0.276,0.274,-0.273,0.275,-0.271,0.269,-0.272,0.263,-0.276,0.254,-0.288,0.249,-0.308,0.248,-0.336,0.252,-0.387,0.262,-0.437,0.28,-0.487,0.305,-0.537,0.336,-0.586,0.373,-0.631,0.415,-0.674,0.461,-0.715,0.512,-0.752,0.565,-0.785,0.621,-0.814,0.68,-0.84,0.74,-0.86,0.8,-0.875,0.862,-0.885,0.924,-0.889,0.966,-0.887,1.007,-0.884,1.047,-0.878,1.085,-0.871,1.123,-0.861,1.16,-0.849,1.196,-0.836,1.23,-0.82,1.264,-0.802,1.296,-0.783,1.328,-0.762,1.357,-0.739,1.386,-0.714,1.414,-0.688,1.44,-0.66,1.465,-0.631,1.511,-0.568,1.551,-0.5,1.585,-0.427,1.613,-0.35,1.626,-0.309,1.636,-0.266,1.653,-0.176,1.663,-0.079,1.666,0.025,1.665,0.08,1.662,0.135,1.649,0.248,1.629,0.364,1.6,0.484,1.563,0.607,1.519,0.729,1.467,0.85,1.408,0.971,1.343,1.091,1.271,1.208,1.192,1.324,1.107,1.438,1.017,1.548,0.921,1.655,0.82,1.759,0.713,1.859,0.651,1.911,0.582,1.96,0.507,2.007,0.425,2.052,0.337,2.094,0.243,2.134,0.142,2.172,0.035,2.207|2.52,-0.5,2.524,-0.458,2.535,-0.42,2.552,-0.387,2.576,-0.357,2.606,-0.333,2.641,-0.316,2.679,-0.305,2.721,-0.301,2.761,-0.305,2.797,-0.316,2.83,-0.333,2.859,-0.357,2.884,-0.387,2.903,-0.42,2.915,-0.458,2.92,-0.5,2.915,-0.54,2.903,-0.577,2.885,-0.609,2.861,-0.639,2.831,-0.664,2.798,-0.682,2.761,-0.694,2.721,-0.699,2.679,-0.694,2.641,-0.683,2.608,-0.665,2.578,-0.641,2.553,-0.611,2.535,-0.577,2.524,-0.54,2.52,-0.5,2.52,-0.5|2.52,0.496,2.524,0.538,2.535,0.576,2.552,0.609,2.576,0.639,2.606,0.663,2.641,0.68,2.679,0.691,2.721,0.695,2.761,0.691,2.797,0.68,2.83,0.663,2.859,0.639,2.884,0.609,2.903,0.576,2.915,0.538,2.92,0.496,2.915,0.456,2.903,0.419,2.885,0.387,2.861,0.357,2.831,0.332,2.798,0.314,2.761,0.302,2.721,0.297,2.679,0.302,2.641,0.313,2.608,0.331,2.578,0.355,2.553,0.385,2.535,0.419,2.524,0.456,2.52,0.496
opus 0043 0.723,-0.775,0.723,0.74,0.692,0.711,0.663,0.676,0.634,0.637,0.607,0.594,0.582,0.546,0.558,0.496,0.536,0.443,0.516,0.389,0.497,0.332,0.481,0.274,0.468,0.215,0.457,0.156,0.448,0.097,0.441,0.038,0.438,-0.021,0.438,-0.08,0.439,-0.144,0.442,-0.205,0.448,-0.263,0.455,-0.319,0.465,-0.372,0.478,-0.422,0.492,-0.47,0.509,-0.515,0.528,-0.557,0.549,-0.596,0.572,-0.633,0.598,-0.667,0.626,-0.698,0.656,-0.727,0.688,-0.752,0.723,-0.775|1.502,0.439,1.431,0.531,1.361,0.611,1.327,0.646,1.292,0.679,1.258,0.708,1.223,0.734,1.189,0.757,1.155,0.777,1.121,0.794,1.087,0.807,1.053,0.818,1.02,0.826,0.986,0.83,0.953,0.832,0.906,0.829,0.861,0.82,0.861,-0.832,0.91,-0.836,0.965,-0.838,0.996,-0.837,1.029,-0.833,1.102,-0.82,1.066,-0.786,1.036,-0.751,1.01,-0.717,0.989,-0.682,0.973,-0.648,0.962,-0.613,0.955,-0.579,0.953,-0.545,0.955,-0.519,0.959,-0.494,0.966,-0.47,0.977,-0.447,0.989,-0.425,1.004,-0.404,1.021,-0.386,1.039,-0.369,1.059,-0.354,1.081,-0.34,1.104,-0.328,1.129,-0.318,1.155,-0.311,1.182,-0.305,1.209,-0.302,1.238,-0.301,1.262,-0.302,1.285,-0.305,1.307,-0.311,1.33,-0.318,1.374,-0.341,1.394,-0.354,1.412,-0.369,1.429,-0.386,1.443,-0.405,1.456,-0.426,1.467,-0.447,1.476,-0.471,1.483,-0.498,1.487,-0.528,1.488,-0.561,1.485,-0.595,1.476,-0.629,1.46,-0.664,1.438,-0.699,1.409,-0.734,1.376,-0.766,1.34,-0.794,1.299,-0.82,1.253,-0.844,1.205,-0.865,1.154,-0.883,1.1,-0.898,1.042,-0.911,0.983,-0.921,0.923,-0.928,0.861,-0.932,0.861,-1.221,0.723,-1.221,0.723,-0.924,0.64,-0.909,0.563,-0.887,0.49,-0.859,0.455,-0.842,0.422,-0.824,0.358,-0.783,0.299,-0.737,0.245,-0.686,0.195,-0.629,0.15,-0.567,0.111,-0.501,0.078,-0.432,0.051,-0.357,0.029,-0.279,0.013,-0.198,0.004,-0.114,0.002,-0.027,0.005,0.062,0.014,0.149,0.029,0.233,0.051,0.314,0.079,0.392,0.112,0.466,0.151,0.536,0.195,0.602,0.245,0.663,0.3,0.719,0.36,0.77,0.424,0.814,0.458,0.835,0.492,0.853,0.528,0.869,0.565,0.884,0.603,0.897,0.642,0.907,0.682,0.917,0.723,0.924,0.723,1.236,0.861,1.236,0.861,0.939,0.879,0.939,0.926,0.937,0.974,0.929,1.022,0.916,1.07,0.898,1.118,0.876,1.165,0.85,1.21,0.82,1.254,0.787,1.296,0.75,1.336,0.711,1.373,0.67,1.406,0.627,1.436,0.582,1.462,0.535,1.484,0.488,1.502,0.439
opus 004A 0.039,0.996,0.081,0.996,0.09,0.995,0.092,0.992,0.088,0.979,0.088,0.961,0.088,0.942,0.092,0.924,0.139,0.809,0.188,0.697,0.238,0.59,0.291,0.486,0.346,0.386,0.405,0.291,0.466,0.201,0.531,0.115,0.641,-0.013,0.756,-0.139,0.874,-0.266,0.988,-0.396,1.042,-0.467,1.088,-0.539,1.127,-0.613,1.158,-0.689,1.183,-0.767,1.201,-0.845,1.212,-0.923,1.217,-1,1.214,-1.079,1.207,-1.159,1.194,-1.24,1.176,-1.32,1.149,-1.403,1.117,-1.496,1.078,-1.594,1.035,-1.689,0.991,-1.777,0.947,-1.848,0.925,-1.876,0.905,-1.897,0.885,-1.91,0.867,-1.916,0.86,-1.914,0.854,-1.907,0.852,-1.896,0.852,-1.881,0.852,-1.863,0.857,-1.844,0.865,-1.825,0.877,-1.805,0.925,-1.709,0.968,-1.617,1.003,-1.529,1.032,-1.445,1.055,-1.366,1.071,-1.291,1.081,-1.219,1.084,-1.152,1.082,-1.106,1.079,-1.061,1.074,-1.016,1.066,-0.972,1.057,-0.928,1.045,-0.886,1.032,-0.843,1.016,-0.802,0.999,-0.761,0.979,-0.721,0.958,-0.681,0.934,-0.642,0.909,-0.603,0.881,-0.566,0.82,-0.492,0.777,-0.453,0.705,-0.392,0.473,-0.203,0.388,-0.136,0.322,-0.086,0.268,-0.05,0.223,-0.025,0.182,-0.01,0.141,-0.002,0.094,0,0.039,-0,0.039,0.996
opus 0052 1.188,-1.637,1.182,-1.686,1.164,-1.771,1.139,-1.881,1.107,-1.998,1.089,-2.057,1.068,-2.111,1.045,-2.163,1.021,-2.209,0.998,-2.248,0.975,-2.277,0.962,-2.288,0.949,-2.296,0.935,-2.301,0.922,-2.303,0.909,-2.301,0.9,-2.295,0.894,-2.285,0.893,-2.271,0.894,-2.258,0.898,-2.241,0.916,-2.195,0.945,-2.126,0.97,-2.058,0.991,-1.992,1.008,-1.929,1.022,-1.867,1.031,-1.808,1.037,-1.751,1.039,-1.695,1.037,-1.631,1.028,-1.569,1.014,-1.508,0.994,-1.449,0.968,-1.391,0.937,-1.335,0.899,-1.281,0.855,-1.229,0.813,-1.184,0.742,-1.119,0.65,-1.043,0.541,-0.963,0.481,-0.923,0.419,-0.887,0.356,-0.854,0.291,-0.824,0.226,-0.798,0.163,-0.78,0.1,-0.768,0.039,-0.764,0.039,0.996,0.078,0.996,0.087,0.994,0.09,0.99,0.087,0.978,0.086,0.961,0.087,0.942,0.092,0.924,0.133,0.815,0.177,0.709,0.225,0.604,0.277,0.502,0.334,0.402,0.396,0.304,0.461,0.208,0.531,0.115,0.64,-0.012,0.754,-0.137,0.87,-0.261,0.984,-0.389,1.039,-0.46,1.086,-0.533,1.126,-0.608,1.158,-0.686,1.172,-0.725,1.184,-0.766,1.194,-0.807,1.202,-0.85,1.213,-0.939,1.217,-1.031,1.216,-1.078,1.213,-1.122,1.208,-1.165,1.201,-1.206,1.192,-1.245,1.181,-1.282,1.167,-1.318,1.152,-1.352,1.168,-1.416,1.179,-1.484,1.185,-1.558,1.188,-1.637|1.08,-1.064,1.077,-0.998,1.067,-0.933,1.05,-0.869,1.026,-0.806,0.995,-0.744,0.958,-0.683,0.914,-0.623,0.863,-0.564,0.818,-0.52,0.729,-0.442,0.424,-0.184,0.351,-0.127,0.286,-0.083,0.227,-0.051,0.201,-0.04,0.176,-0.031,0.213,-0.111,0.252,-0.19,0.294,-0.267,0.337,-0.343,0.382,-0.417,0.43,-0.49,0.48,-0.562,0.531,-0.633,0.566,-0.67,0.627,-0.727,0.795,-0.879,0.885,-0.961,0.967,-1.041,1.003,-1.079,1.033,-1.115,1.058,-1.147,1.076,-1.176,1.08,-1.064
opus 0055 2.4,-0,2.399,-0.081,2.394,-0.16,2.387,-0.237,2.378,-0.313,2.366,-0.387,2.351,-0.46,2.334,-0.53,2.314,-0.6,2.292,-0.667,2.267,-0.732,2.24,-0.795,2.21,-0.855,2.179,-0.913,2.145,-0.969,2.109,-1.023,2.07,-1.074,2.029,-1.124,1.986,-1.17,1.942,-1.214,1.895,-1.254,1.846,-1.292,1.796,-1.327,1.744,-1.359,1.689,-1.389,1.634,-1.415,1.576,-1.438,1.517,-1.458,1.457,-1.474,1.395,-1.487,1.331,-1.496,1.266,-1.502,1.199,-1.504,1.131,-1.502,1.065,-1.496,1,-1.487,0.938,-1.474,0.876,-1.458,0.817,-1.438,0.759,-1.415,0.703,-1.389,0.649,-1.359,0.597,-1.326,0.547,-1.291,0.499,-1.253,0.452,-1.212,0.408,-1.168,0.366,-1.122,0.326,-1.072,0.288,-1.02,0.252,-0.965,0.218,-0.909,0.187,-0.85,0.157,-0.789,0.131,-0.726,0.106,-0.661,0.084,-0.594,0.064,-0.525,0.047,-0.454,0.033,-0.382,0.021,-0.309,0.012,-0.234,0.005,-0.157,0.001,-0.079,0,-0,0.064,-0,0.071,-0.004,0.079,-0.016,0.086,-0.034,0.094,-0.059,0.109,-0.122,0.123,-0.195,0.148,-0.336,0.16,-0.408,0.188,-0.488,0.222,-0.565,0.263,-0.638,0.311,-0.707,0.364,-0.772,0.422,-0.832,0.485,-0.887,0.553,-0.938,0.626,-0.984,0.702,-1.024,0.782,-1.059,0.865,-1.088,0.951,-1.112,1.04,-1.129,1.131,-1.14,1.225,-1.145,1.308,-1.141,1.391,-1.13,1.472,-1.114,1.553,-1.092,1.632,-1.063,1.709,-1.028,1.783,-0.987,1.854,-0.941,1.921,-0.891,1.984,-0.835,2.042,-0.776,2.096,-0.713,2.144,-0.645,2.186,-0.572,2.22,-0.496,2.248,-0.416,2.264,-0.341,2.277,-0.268,2.29,-0.198,2.299,-0.133,2.309,-0.077,2.318,-0.035,2.324,-0.019,2.33,-0.008,2.336,-0.001,2.344,-0,2.4,-0|1.031,-0.248,1.034,-0.214,1.043,-0.182,1.058,-0.154,1.078,-0.129,1.104,-0.108,1.133,-0.092,1.165,-0.083,1.199,-0.08,1.233,-0.083,1.264,-0.092,1.292,-0.106,1.316,-0.127,1.338,-0.153,1.354,-0.182,1.363,-0.213,1.367,-0.248,1.363,-0.281,1.354,-0.312,1.339,-0.34,1.318,-0.365,1.293,-0.387,1.264,-0.402,1.233,-0.412,1.199,-0.416,1.165,-0.412,1.133,-0.402,1.105,-0.387,1.08,-0.365,1.059,-0.34,1.043,-0.312,1.034,-0.281,1.031,-0.248
opus 005B 1.969,-5.092,1.969,-5.191,0,-5.191,0,-4.4,0.1,-4.4,0.1,-5.092,1.969,-5.092
opus 005D 1.867,-5.092,1.867,-4.4,1.969,-4.4,1.969,-5.191,0,-5.191,0,-5.092,1.867,-5.092
opus 005E 1.123,-0,0.539,-0.988,0,-0,0.111,-0,0.465,-0.623,0.852,-0,1.123,-0
opus 0062 0,0.732,0.564,0.316,0.608,0.282,0.649,0.248,0.687,0.213,0.721,0.179,0.753,0.144,0.781,0.109,0.806,0.074,0.828,0.039,0.864,-0.031,0.891,-0.097,0.901,-0.129,0.908,-0.161,0.913,-0.191,0.916,-0.221,0.913,-0.261,0.906,-0.3,0.894,-0.337,0.879,-0.373,0.86,-0.408,0.837,-0.44,0.811,-0.47,0.781,-0.498,0.749,-0.523,0.715,-0.545,0.679,-0.564,0.641,-0.58,0.6,-0.593,0.559,-0.603,0.516,-0.609,0.473,-0.611,0.411,-0.609,0.354,-0.6,0.301,-0.585,0.252,-0.563,0.208,-0.536,0.168,-0.502,0.132,-0.462,0.1,-0.416,0.129,-1.676,0,-1.676,0,0.732|0.371,-0.451,0.418,-0.447,0.439,-0.441,0.459,-0.435,0.479,-0.426,0.497,-0.415,0.514,-0.403,0.529,-0.389,0.544,-0.373,0.557,-0.356,0.568,-0.339,0.577,-0.32,0.585,-0.301,0.59,-0.28,0.596,-0.236,0.592,-0.194,0.583,-0.148,0.568,-0.1,0.547,-0.049,0.522,0.004,0.494,0.057,0.463,0.11,0.43,0.164,0.393,0.217,0.354,0.267,0.315,0.315,0.273,0.361,0.232,0.405,0.191,0.443,0.151,0.476,0.111,0.504,0.103,0.442,0.097,0.355,0.093,0.244,0.092,0.107,0.093,0.022,0.098,-0.071,0.105,-0.173,0.115,-0.283,0.138,-0.323,0.164,-0.357,0.192,-0.386,0.223,-0.409,0.256,-0.428,0.292,-0.441,0.33,-0.449,0.371,-0.451
opus 0065 1.809,-3.141,1.74,-3.223,1.689,-3.285,1.65,-3.342,1.611,-3.406,1.591,-3.447,1.57,-3.494,1.516,-3.615,1.438,-3.785,1.336,-4.02,1.275,-4.02,1.275,-0.92,1.242,-0.949,1.204,-0.975,1.164,-0.996,1.12,-1.014,1.073,-1.027,1.023,-1.037,0.969,-1.043,0.912,-1.045,0.831,-1.04,0.75,-1.029,0.67,-1.01,0.59,-0.984,0.511,-0.952,0.437,-0.914,0.365,-0.872,0.297,-0.824,0.233,-0.772,0.176,-0.717,0.125,-0.66,0.082,-0.6,0.063,-0.568,0.046,-0.537,0.032,-0.505,0.021,-0.473,0.012,-0.441,0.005,-0.409,0.001,-0.376,0,-0.344,0.002,-0.303,0.007,-0.266,0.014,-0.232,0.024,-0.201,0.038,-0.173,0.053,-0.149,0.072,-0.128,0.094,-0.109,0.139,-0.079,0.183,-0.054,0.226,-0.035,0.268,-0.021,0.311,-0.011,0.361,-0.004,0.416,0,0.477,0.002,0.542,-0.002,0.612,-0.014,0.687,-0.032,0.766,-0.057,0.845,-0.088,0.921,-0.124,0.993,-0.165,1.063,-0.211,1.127,-0.261,1.185,-0.315,1.236,-0.373,1.281,-0.434,1.301,-0.465,1.318,-0.497,1.333,-0.529,1.345,-0.562,1.354,-0.594,1.361,-0.628,1.365,-0.661,1.367,-0.695,1.367,-3.016,1.441,-3.002,1.474,-2.991,1.506,-2.977,1.582,-2.932,1.699,-2.855,1.758,-2.812,1.813,-2.768,1.865,-2.724,1.912,-2.679,1.956,-2.633,1.996,-2.587,2.032,-2.54,2.064,-2.493,2.093,-2.445,2.118,-2.396,2.139,-2.347,2.156,-2.297,2.17,-2.247,2.179,-2.196,2.185,-2.144,2.188,-2.092,2.185,-2.002,2.18,-1.914,2.17,-1.83,2.158,-1.749,2.142,-1.671,2.122,-1.596,2.099,-1.524,2.072,-1.455,2.055,-1.41,2.05,-1.394,2.049,-1.381,2.051,-1.366,2.057,-1.356,2.066,-1.35,2.08,-1.348,2.088,-1.349,2.096,-1.353,2.114,-1.368,2.132,-1.391,2.152,-1.424,2.173,-1.465,2.194,-1.512,2.214,-1.564,2.232,-1.623,2.251,-1.685,2.268,-1.75,2.283,-1.815,2.297,-1.883,2.308,-1.95,2.316,-2.016,2.322,-2.079,2.324,-2.141,2.321,-2.21,2.313,-2.279,2.3,-2.348,2.282,-2.416,2.259,-2.484,2.231,-2.551,2.198,-2.617,2.16,-2.684,2.061,-2.815,1.809,-3.141
opus 0069 1.367,-4,0,-4,0,-3.5,1.279,-3.5,1.279,-3.252,0,-3.252,0,-2.752,1.279,-2.752,1.279,-0.896,1.246,-0.926,1.209,-0.951,1.168,-0.973,1.124,-0.991,1.076,-1.005,1.025,-1.015,0.97,-1.021,0.912,-1.023,0.835,-1.019,0.756,-1.008,0.677,-0.99,0.598,-0.965,0.519,-0.933,0.444,-0.896,0.372,-0.855,0.303,-0.809,0.239,-0.758,0.181,-0.704,0.13,-0.647,0.086,-0.586,0.066,-0.555,0.049,-0.523,0.034,-0.491,0.022,-0.458,0.013,-0.425,0.006,-0.392,0.002,-0.358,0,-0.324,0.002,-0.283,0.007,-0.246,0.014,-0.211,0.024,-0.18,0.038,-0.152,0.053,-0.128,0.072,-0.106,0.094,-0.088,0.139,-0.057,0.183,-0.033,0.226,-0.014,0.268,-0,0.31,0.009,0.354,0.016,0.399,0.019,0.447,0.02,0.526,0.016,0.605,0.005,0.685,-0.012,0.766,-0.037,0.845,-0.068,0.921,-0.104,0.993,-0.145,1.063,-0.191,1.127,-0.243,1.185,-0.297,1.236,-0.354,1.281,-0.414,1.301,-0.445,1.318,-0.477,1.333,-0.509,1.345,-0.542,1.354,-0.575,1.361,-0.608,1.365,-0.642,1.367,-0.676,1.367,-4
opus 006A 0.039,-0,0.106,0.004,0.164,0.014,0.214,0.03,0.258,0.051,0.3,0.075,0.34,0.102,0.424,0.16,0.483,0.203,0.538,0.247,0.589,0.292,0.637,0.337,0.68,0.382,0.72,0.428,0.757,0.475,0.789,0.522,0.818,0.57,0.843,0.618,0.864,0.667,0.881,0.716,0.894,0.766,0.904,0.817,0.91,0.868,0.912,0.92,0.912,0.939,0.904,1.158,0.897,1.236,0.889,1.301,0.875,1.361,0.855,1.42,0.83,1.484,0.797,1.561,0.777,1.606,0.772,1.623,0.771,1.637,0.774,1.65,0.78,1.66,0.79,1.666,0.805,1.668,0.814,1.666,0.826,1.657,0.84,1.641,0.857,1.619,0.877,1.59,0.897,1.555,0.918,1.514,0.939,1.467,0.96,1.414,0.979,1.355,0.997,1.29,1.014,1.219,1.028,1.142,1.039,1.059,1.046,0.971,1.049,0.877,1.049,0.855,1.046,0.791,1.039,0.728,1.028,0.666,1.012,0.604,0.991,0.544,0.967,0.484,0.938,0.425,0.904,0.367,0.865,0.31,0.79,0.21,0.531,-0.119,0.468,-0.204,0.407,-0.294,0.349,-0.388,0.292,-0.487,0.239,-0.591,0.187,-0.698,0.138,-0.811,0.092,-0.928,0.088,-0.945,0.088,-0.965,0.088,-0.981,0.092,-0.996,0.09,-0.998,0.081,-0.999,0.039,-1,0.039,-0
opus 006E 0.713,1.363,0.713,-0.783,0.1,-0.568,0.1,-1.371,0,-1.371,0,0.775,0.611,0.564,0.611,1.363,0.713,1.363|0.1,-0.244,0.611,-0.432,0.611,0.24,0.1,0.424,0.1,-0.244
opus 006F 0.801,-0,0.798,-0.04,0.792,-0.079,0.781,-0.116,0.768,-0.152,0.75,-0.187,0.729,-0.22,0.706,-0.251,0.68,-0.279,0.651,-0.306,0.621,-0.33,0.589,-0.35,0.555,-0.367,0.518,-0.381,0.48,-0.391,0.441,-0.398,0.4,-0.4,0.358,-0.398,0.318,-0.391,0.279,-0.381,0.242,-0.367,0.207,-0.35,0.174,-0.33,0.144,-0.307,0.115,-0.281,0.089,-0.252,0.067,-0.221,0.047,-0.189,0.031,-0.154,0.018,-0.118,0.008,-0.08,0.002,-0.04,0,-0,0.002,0.041,0.008,0.081,0.018,0.119,0.031,0.156,0.048,0.191,0.068,0.224,0.091,0.254,0.117,0.281,0.146,0.307,0.177,0.33,0.21,0.349,0.244,0.365,0.281,0.379,0.319,0.389,0.359,0.395,0.4,0.396,0.439,0.395,0.477,0.389,0.513,0.38,0.549,0.367,0.584,0.35,0.617,0.331,0.647,0.308,0.676,0.283,0.703,0.255,0.727,0.224,0.748,0.191,0.766,0.156,0.78,0.119,0.791,0.081,0.798,0.041,0.801,-0|0.732,-0,0.73,0.034,0.724,0.066,0.715,0.097,0.703,0.127,0.687,0.158,0.666,0.189,0.639,0.222,0.607,0.256,0.589,0.272,0.568,0.287,0.545,0.299,0.521,0.309,0.494,0.317,0.465,0.323,0.434,0.327,0.4,0.328,0.366,0.327,0.333,0.322,0.3,0.315,0.27,0.305,0.24,0.291,0.213,0.274,0.188,0.256,0.164,0.234,0.142,0.21,0.123,0.185,0.107,0.157,0.094,0.129,0.083,0.096,0.075,0.058,0.07,0.015,0.068,-0.033,0.07,-0.059,0.073,-0.083,0.079,-0.106,0.087,-0.128,0.097,-0.149,0.109,-0.169,0.123,-0.187,0.139,-0.205,0.173,-0.238,0.207,-0.265,0.239,-0.286,0.27,-0.303,0.3,-0.315,0.333,-0.324,0.366,-0.329,0.4,-0.332,0.433,-0.329,0.465,-0.324,0.496,-0.315,0.525,-0.303,0.555,-0.288,0.582,-0.271,0.607,-0.252,0.631,-0.23,0.652,-0.207,0.671,-0.182,0.688,-0.155,0.703,-0.127,0.715,-0.096,0.724,-0.065,0.73,-0.033,0.732,-0
opus 0070 1.717,-5.936,1.655,-5.934,1.595,-5.928,1.537,-5.919,1.482,-5.906,1.43,-5.89,1.381,-5.872,1.336,-5.851,1.293,-5.828,1.254,-5.802,1.221,-5.773,1.192,-5.742,1.168,-5.709,1.148,-5.673,1.134,-5.636,1.126,-5.597,1.123,-5.557,1.126,-5.524,1.133,-5.496,1.146,-5.471,1.164,-5.449,1.187,-5.431,1.214,-5.418,1.245,-5.411,1.279,-5.408,1.326,-5.412,1.347,-5.416,1.368,-5.422,1.387,-5.43,1.405,-5.44,1.422,-5.452,1.438,-5.465,1.452,-5.48,1.465,-5.497,1.476,-5.515,1.485,-5.534,1.493,-5.554,1.498,-5.576,1.504,-5.623,1.499,-5.647,1.488,-5.676,1.459,-5.736,1.434,-5.785,1.426,-5.798,1.426,-5.801,1.428,-5.801,1.443,-5.813,1.46,-5.823,1.479,-5.832,1.5,-5.839,1.548,-5.848,1.604,-5.852,1.661,-5.848,1.687,-5.844,1.711,-5.838,1.733,-5.83,1.754,-5.82,1.772,-5.809,1.789,-5.796,1.803,-5.781,1.816,-5.765,1.826,-5.746,1.835,-5.726,1.842,-5.705,1.847,-5.681,1.85,-5.656,1.852,-5.629,1.849,-5.565,1.843,-5.509,1.834,-5.46,1.822,-5.418,1.807,-5.382,1.789,-5.352,1.768,-5.327,1.746,-5.307,1.721,-5.291,1.696,-5.278,1.67,-5.269,1.643,-5.264,1.588,-5.257,1.535,-5.256,1.48,-5.256,1.453,-5.256,1.427,-5.254,1.405,-5.25,1.385,-5.244,1.369,-5.234,1.357,-5.221,1.35,-5.204,1.348,-5.184,1.348,-5.16,1.348,-5.153,1.351,-5.147,1.365,-5.135,1.388,-5.126,1.42,-5.119,1.516,-5.115,1.56,-5.107,1.599,-5.093,1.617,-5.084,1.632,-5.073,1.646,-5.061,1.659,-5.047,1.67,-5.031,1.68,-5.015,1.695,-4.976,1.704,-4.932,1.707,-4.881,1.706,-4.831,1.702,-4.785,1.695,-4.742,1.686,-4.702,1.674,-4.665,1.66,-4.631,1.643,-4.601,1.623,-4.574,1.601,-4.55,1.576,-4.529,1.548,-4.512,1.518,-4.497,1.485,-4.486,1.45,-4.479,1.412,-4.474,1.371,-4.473,1.34,-4.474,1.311,-4.477,1.283,-4.483,1.258,-4.492,1.234,-4.502,1.213,-4.516,1.193,-4.531,1.176,-4.549,1.237,-4.619,1.261,-4.651,1.28,-4.681,1.296,-4.708,1.307,-4.734,1.314,-4.758,1.316,-4.779,1.313,-4.807,1.304,-4.832,1.29,-4.854,1.271,-4.873,1.249,-4.889,1.224,-4.901,1.197,-4.909,1.168,-4.912,1.141,-4.91,1.116,-4.906,1.091,-4.899,1.068,-4.891,1.046,-4.878,1.022,-4.862,0.998,-4.842,0.973,-4.818,0.961,-4.805,0.95,-4.79,0.941,-4.773,0.934,-4.754,0.924,-4.713,0.92,-4.664,0.922,-4.633,0.927,-4.604,0.935,-4.577,0.945,-4.553,0.959,-4.532,0.976,-4.513,0.995,-4.496,1.018,-4.482,1.065,-4.459,1.111,-4.44,1.157,-4.426,1.201,-4.416,1.246,-4.408,1.293,-4.403,1.342,-4.401,1.393,-4.4,1.462,-4.401,1.528,-4.407,1.591,-4.416,1.652,-4.43,1.71,-4.448,1.765,-4.47,1.816,-4.496,1.863,-4.525,1.907,-4.56,1.945,-4.598,1.978,-4.64,2.006,-4.686,2.029,-4.736,2.046,-4.791,2.056,-4.85,2.061,-4.912,2.056,-4.961,2.045,-5.005,2.037,-5.025,2.027,-5.045,2.015,-5.063,2.002,-5.08,1.971,-5.111,1.934,-5.137,1.892,-5.157,1.844,-5.172,1.836,-5.191,1.871,-5.205,1.904,-5.22,1.936,-5.238,1.965,-5.257,1.993,-5.278,2.019,-5.301,2.043,-5.325,2.064,-5.352,2.085,-5.38,2.102,-5.41,2.117,-5.441,2.129,-5.473,2.139,-5.507,2.146,-5.542,2.151,-5.578,2.152,-5.615,2.149,-5.645,2.142,-5.675,2.131,-5.705,2.115,-5.734,2.096,-5.763,2.074,-5.789,2.049,-5.813,2.021,-5.836,1.99,-5.857,1.957,-5.876,1.921,-5.892,1.883,-5.906,1.843,-5.918,1.802,-5.927,1.76,-5.933,1.717,-5.936
opus 0071 1.367,-4,1.279,-4,1.279,-0.896,1.246,-0.926,1.209,-0.951,1.168,-0.973,1.124,-0.991,1.076,-1.005,1.025,-1.015,0.97,-1.021,0.912,-1.023,0.835,-1.019,0.756,-1.008,0.677,-0.99,0.598,-0.965,0.519,-0.933,0.444,-0.896,0.372,-0.855,0.303,-0.809,0.239,-0.758,0.181,-0.704,0.13,-0.647,0.086,-0.586,0.066,-0.555,0.049,-0.523,0.034,-0.491,0.022,-0.458,0.013,-0.425,0.006,-0.392,0.002,-0.358,0,-0.324,0.002,-0.283,0.007,-0.246,0.014,-0.211,0.024,-0.18,0.038,-0.152,0.053,-0.128,0.072,-0.106,0.094,-0.088,0.139,-0.057,0.183,-0.033,0.226,-0.014,0.268,-0,0.31,0.009,0.354,0.016,0.399,0.019,0.447,0.02,0.526,0.016,0.605,0.005,0.685,-0.012,0.766,-0.037,0.845,-0.068,0.921,-0.104,0.993,-0.145,1.063,-0.191,1.127,-0.243,1.185,-0.297,1.236,-0.354,1.281,-0.414,1.301,-0.445,1.318,-0.477,1.333,-0.509,1.345,-0.542,1.354,-0.575,1.361,-0.608,1.365,-0.642,1.367,-0.676,1.367,-4
opus 0072 0.885,2.061,0.9,2.056,0.915,2.046,0.93,2.029,0.945,2.006,0.976,1.946,1.006,1.873,1.034,1.792,1.055,1.711,1.07,1.634,1.076,1.568,1.076,1.549,1.072,1.464,1.063,1.389,1.049,1.323,1.031,1.268,1.046,1.234,1.059,1.197,1.071,1.158,1.08,1.115,1.087,1.07,1.092,1.021,1.095,0.97,1.096,0.916,1.092,0.839,1.083,0.763,1.07,0.688,1.051,0.613,1.026,0.54,0.996,0.47,0.96,0.403,0.92,0.34,0.823,0.221,0.725,0.107,0.626,-0.006,0.535,-0.123,0.453,-0.228,0.379,-0.332,0.313,-0.435,0.253,-0.536,0.202,-0.636,0.158,-0.735,0.121,-0.832,0.092,-0.928,0.08,-0.98,0.076,-0.989,0.07,-0.995,0.063,-0.999,0.053,-1,0.039,-1,0.039,0.76,0.087,0.761,0.129,0.766,0.167,0.774,0.205,0.787,0.247,0.809,0.295,0.84,0.424,0.932,0.565,1.047,0.678,1.143,0.766,1.223,0.801,1.259,0.83,1.293,0.855,1.325,0.876,1.356,0.893,1.386,0.906,1.416,0.916,1.447,0.923,1.479,0.929,1.511,0.932,1.545,0.927,1.606,0.918,1.674,0.891,1.82,0.863,1.951,0.854,1.999,0.852,2.027,0.854,2.042,0.86,2.052,0.87,2.058,0.885,2.061|0.961,0.98,0.959,1.035,0.955,1.092,0.918,1.036,0.865,0.969,0.8,0.897,0.73,0.826,0.602,0.701,0.556,0.656,0.531,0.629,0.48,0.563,0.431,0.495,0.383,0.423,0.338,0.35,0.294,0.273,0.253,0.194,0.213,0.112,0.176,0.027,0.216,0.045,0.26,0.068,0.306,0.097,0.355,0.131,0.45,0.202,0.529,0.268,0.646,0.369,0.738,0.457,0.801,0.512,0.838,0.563,0.871,0.616,0.898,0.671,0.921,0.729,0.938,0.788,0.951,0.85,0.958,0.914,0.961,0.98
opus 0073 1.367,-3.252,0,-3.252,0,-2.752,1.367,-2.752,1.367,-3.252|1.367,-4,0,-4,0,-3.5,1.367,-3.5,1.367,-4
opus 0077 0,-0,0.001,0.031,0.004,0.062,0.009,0.091,0.017,0.12,0.026,0.147,0.037,0.174,0.051,0.2,0.066,0.225,0.104,0.273,0.148,0.317,0.2,0.358,0.258,0.395,0.323,0.428,0.393,0.458,0.467,0.482,0.547,0.502,0.632,0.518,0.72,0.53,0.812,0.537,0.908,0.539,1.012,0.537,1.112,0.53,1.207,0.519,1.297,0.504,1.382,0.483,1.46,0.458,1.532,0.43,1.598,0.396,1.657,0.359,1.71,0.319,1.755,0.275,1.775,0.251,1.793,0.227,1.809,0.201,1.823,0.176,1.835,0.149,1.844,0.122,1.852,0.094,1.857,0.066,1.86,0.037,1.861,0.008,1.86,-0.022,1.856,-0.051,1.85,-0.08,1.842,-0.107,1.831,-0.134,1.817,-0.161,1.802,-0.186,1.783,-0.211,1.74,-0.258,1.69,-0.302,1.635,-0.343,1.572,-0.381,1.505,-0.416,1.434,-0.447,1.359,-0.474,1.281,-0.496,1.2,-0.514,1.118,-0.527,1.035,-0.536,0.951,-0.539,0.86,-0.536,0.771,-0.528,0.683,-0.516,0.598,-0.5,0.514,-0.479,0.436,-0.453,0.362,-0.424,0.293,-0.391,0.229,-0.353,0.172,-0.312,0.123,-0.267,0.08,-0.219,0.062,-0.194,0.046,-0.168,0.032,-0.141,0.021,-0.114,0.012,-0.087,0.006,-0.058,0.002,-0.029,0,-0|1.432,0.203,1.42,0.244,1.406,0.28,1.389,0.312,1.369,0.34,1.346,0.364,1.321,0.384,1.294,0.401,1.264,0.414,1.231,0.426,1.197,0.435,1.161,0.441,1.123,0.445,1.043,0.451,0.961,0.451,0.912,0.448,0.864,0.439,0.817,0.424,0.77,0.402,0.724,0.376,0.68,0.345,0.639,0.31,0.6,0.271,0.564,0.228,0.532,0.182,0.504,0.132,0.48,0.08,0.461,0.026,0.447,-0.03,0.438,-0.087,0.436,-0.145,0.437,-0.181,0.442,-0.216,0.449,-0.248,0.46,-0.278,0.473,-0.305,0.49,-0.33,0.509,-0.353,0.532,-0.374,0.557,-0.392,0.586,-0.407,0.617,-0.42,0.652,-0.431,0.69,-0.44,0.73,-0.446,0.774,-0.45,0.82,-0.451,0.868,-0.449,0.913,-0.445,0.955,-0.438,0.994,-0.43,1.032,-0.418,1.068,-0.404,1.101,-0.388,1.133,-0.369,1.162,-0.347,1.19,-0.322,1.217,-0.294,1.242,-0.264,1.267,-0.23,1.292,-0.193,1.34,-0.111,1.379,-0.024,1.395,0.017,1.408,0.057,1.418,0.096,1.425,0.133,1.43,0.169,1.432,0.203
opus 0078 2.371,-2.08,2.366,-2.165,2.355,-2.246,2.339,-2.322,2.316,-2.395,2.288,-2.464,2.256,-2.53,2.221,-2.593,2.182,-2.654,2.094,-2.771,2,-2.885,1.902,-3,1.809,-3.119,1.757,-3.183,1.709,-3.252,1.656,-3.334,1.594,-3.436,1.532,-3.546,1.479,-3.65,1.404,-3.809,1.359,-3.908,1.334,-3.973,1.328,-3.992,1.328,-4,1.275,-4,1.275,-0.9,1.242,-0.929,1.206,-0.954,1.166,-0.975,1.122,-0.993,1.075,-1.006,1.024,-1.016,0.97,-1.022,0.912,-1.023,0.832,-1.019,0.752,-1.007,0.672,-0.989,0.592,-0.963,0.513,-0.93,0.438,-0.893,0.366,-0.85,0.297,-0.803,0.233,-0.751,0.176,-0.697,0.125,-0.64,0.082,-0.58,0.063,-0.549,0.046,-0.517,0.032,-0.486,0.021,-0.454,0.012,-0.422,0.005,-0.389,0.001,-0.357,0,-0.324,0.002,-0.283,0.007,-0.246,0.014,-0.211,0.024,-0.18,0.038,-0.152,0.053,-0.128,0.072,-0.106,0.094,-0.088,0.139,-0.057,0.183,-0.033,0.226,-0.014,0.268,-0,0.31,0.009,0.354,0.016,0.399,0.019,0.447,0.02,0.526,0.016,0.605,0.006,0.685,-0.011,0.766,-0.035,0.845,-0.066,0.921,-0.102,0.993,-0.143,1.063,-0.189,1.127,-0.24,1.185,-0.293,1.236,-0.35,1.281,-0.41,1.301,-0.442,1.318,-0.474,1.333,-0.506,1.345,-0.539,1.354,-0.573,1.361,-0.606,1.365,-0.641,1.367,-0.676,1.367,-2.229,1.419,-2.214,1.477,-2.191,1.541,-2.159,1.607,-2.119,1.676,-2.074,1.746,-2.025,1.817,-1.971,1.885,-1.914,1.949,-1.854,2.008,-1.793,2.063,-1.729,2.109,-1.668,2.149,-1.607,2.18,-1.551,2.191,-1.523,2.199,-1.498,2.205,-1.474,2.207,-1.451,2.203,-1.404,2.193,-1.344,2.168,-1.203,2.141,-1.063,2.132,-1.007,2.129,-0.969,2.131,-0.954,2.137,-0.944,2.146,-0.938,2.16,-0.936,2.175,-0.939,2.19,-0.95,2.205,-0.967,2.221,-0.992,2.253,-1.057,2.283,-1.135,2.311,-1.22,2.332,-1.305,2.346,-1.382,2.352,-1.447,2.348,-1.526,2.34,-1.599,2.327,-1.666,2.309,-1.729,2.323,-1.762,2.336,-1.799,2.347,-1.838,2.355,-1.881,2.362,-1.926,2.367,-1.975,2.37,-2.026,2.371,-2.08|2.236,-2.016,2.236,-1.965,2.235,-1.933,2.232,-1.904,2.195,-1.96,2.143,-2.025,2.078,-2.098,2.008,-2.172,1.879,-2.299,1.809,-2.367,1.757,-2.432,1.708,-2.499,1.66,-2.57,1.615,-2.644,1.571,-2.72,1.529,-2.8,1.489,-2.883,1.451,-2.969,1.489,-2.952,1.531,-2.929,1.576,-2.902,1.625,-2.869,1.719,-2.799,1.799,-2.734,1.916,-2.633,2.012,-2.545,2.076,-2.484,2.114,-2.433,2.146,-2.38,2.174,-2.325,2.196,-2.268,2.214,-2.208,2.226,-2.146,2.234,-2.082,2.236,-2.016
opus 007E 0.004,-0.424,-0.02,-0.383,-0.038,-0.348,-0.048,-0.318,-0.053,-0.293,-0.052,-0.278,-0.047,-0.268,-0.039,-0.262,-0.027,-0.26,-0.014,-0.263,-0.002,-0.273,0.011,-0.289,0.021,-0.307,0.047,-0.342,0.062,-0.354,0.074,-0.357,0.081,-0.357,0.089,-0.355,0.105,-0.344,0.162,-0.287,0.258,-0.18,0.318,-0.114,0.377,-0.057,0.405,-0.033,0.432,-0.015,0.457,-0.004,0.48,-0,0.488,-0,0.511,-0.002,0.533,-0.007,0.555,-0.016,0.576,-0.029,0.598,-0.045,0.619,-0.065,0.64,-0.088,0.66,-0.115,0.66,-0.114,0.662,-0.117,0.676,-0.139,0.723,-0.223,0.75,-0.275,0.775,-0.326,0.793,-0.374,0.798,-0.394,0.801,-0.412,0.8,-0.42,0.797,-0.425,0.793,-0.429,0.787,-0.43,0.771,-0.428,0.756,-0.42,0.736,-0.396,0.716,-0.376,0.696,-0.358,0.676,-0.344,0.655,-0.333,0.634,-0.326,0.613,-0.321,0.592,-0.32,0.581,-0.323,0.566,-0.331,0.523,-0.359,0.408,-0.445,0.346,-0.491,0.287,-0.531,0.237,-0.56,0.218,-0.568,0.203,-0.572,0.181,-0.57,0.158,-0.563,0.134,-0.551,0.109,-0.535,0.084,-0.514,0.058,-0.489,0.031,-0.459,0.004,-0.424
opus 00BF 0.064,-0.508,-0.023,-0.416,0.428,-0,-0.023,0.412,0.064,0.504,0.52,0.088,0.98,0.504,1.072,0.412,0.607,-0,1.072,-0.416,0.98,-0.508,0.52,-0.088,0.064,-0.508
opus 00D3 0,-0,1.123,-0,1.123,-0.48,0,-0.48,0,-0
opus 0152 1.053,0.797,1.019,0.747,0.983,0.697,0.904,0.598,0.74,0.396,0.701,0.346,0.666,0.297,0.634,0.25,0.605,0.203,0.582,0.157,0.566,0.112,0.556,0.069,0.553,0.027,0.554,0,0.558,-0.028,0.565,-0.059,0.575,-0.092,0.589,-0.126,0.605,-0.163,0.646,-0.242,0.698,-0.329,0.763,-0.424,0.839,-0.526,0.928,-0.637,0.217,-1.611,0.187,-1.604,0.166,-1.593,0.158,-1.586,0.153,-1.578,0.15,-1.57,0.148,-1.561,0.191,-1.502,0.238,-1.438,0.291,-1.359,0.344,-1.27,0.391,-1.176,0.411,-1.129,0.425,-1.084,0.435,-1.041,0.439,-1,0.438,-0.961,0.433,-0.921,0.426,-0.881,0.414,-0.841,0.4,-0.799,0.382,-0.758,0.362,-0.716,0.337,-0.673,0.31,-0.63,0.279,-0.586,0.246,-0.542,0.208,-0.497,0.168,-0.452,0.124,-0.406,0.027,-0.313,0.137,-0.175,0.234,-0.057,0.4,0.141,0.533,0.303,0.59,0.377,0.641,0.447,0.578,0.419,0.517,0.398,0.458,0.386,0.4,0.381,0.354,0.384,0.311,0.392,0.27,0.405,0.232,0.422,0.197,0.444,0.164,0.469,0.133,0.497,0.105,0.527,0.081,0.562,0.06,0.598,0.042,0.636,0.027,0.676,0.015,0.718,0.007,0.761,0.002,0.804,0,0.848,0.002,0.875,0.005,0.903,0.011,0.931,0.02,0.959,0.03,0.987,0.042,1.015,0.074,1.07,0.112,1.126,0.154,1.179,0.199,1.229,0.248,1.277,0.342,1.358,0.382,1.389,0.418,1.414,0.476,1.45,0.518,1.471,0.549,1.482,0.572,1.484,0.583,1.483,0.592,1.479,0.599,1.471,0.604,1.461,0.544,1.4,0.493,1.34,0.45,1.281,0.415,1.224,0.387,1.167,0.367,1.112,0.355,1.057,0.352,1.004,0.354,0.971,0.359,0.939,0.367,0.91,0.378,0.883,0.392,0.857,0.409,0.834,0.43,0.813,0.453,0.793,0.479,0.776,0.507,0.76,0.536,0.747,0.568,0.737,0.601,0.728,0.637,0.722,0.674,0.718,0.713,0.717,0.754,0.718,0.795,0.723,0.837,0.729,0.879,0.738,0.922,0.749,0.965,0.763,1.009,0.779,1.053,0.797
opus 0153 0.447,0.52,0.525,0.516,0.603,0.505,0.682,0.488,0.762,0.463,0.841,0.431,0.917,0.395,0.991,0.353,1.061,0.307,1.125,0.255,1.184,0.201,1.235,0.144,1.279,0.084,1.299,0.053,1.316,0.021,1.331,-0.011,1.343,-0.043,1.353,-0.076,1.36,-0.109,1.365,-0.142,1.367,-0.176,1.364,-0.214,1.358,-0.251,1.347,-0.285,1.333,-0.317,1.315,-0.348,1.293,-0.376,1.268,-0.402,1.238,-0.426,1.206,-0.448,1.171,-0.467,1.134,-0.483,1.094,-0.497,1.052,-0.508,1.008,-0.516,0.961,-0.521,0.912,-0.523,0.834,-0.519,0.755,-0.508,0.676,-0.49,0.596,-0.465,0.517,-0.433,0.442,-0.396,0.371,-0.355,0.303,-0.309,0.239,-0.258,0.181,-0.205,0.13,-0.148,0.086,-0.088,0.066,-0.056,0.049,-0.025,0.034,0.007,0.022,0.04,0.013,0.072,0.006,0.105,0.002,0.138,0,0.172,0.002,0.214,0.008,0.252,0.018,0.289,0.031,0.322,0.05,0.353,0.071,0.381,0.096,0.407,0.125,0.43,0.157,0.451,0.192,0.469,0.229,0.484,0.268,0.496,0.31,0.506,0.354,0.514,0.399,0.518,0.447,0.52
opus 0178 0.234,-0.889,0.204,-0.787,0.178,-0.692,0.156,-0.603,0.138,-0.521,0.124,-0.446,0.114,-0.377,0.107,-0.315,0.105,-0.26,0.109,-0.191,0.113,-0.16,0.12,-0.132,0.127,-0.105,0.137,-0.082,0.148,-0.06,0.162,-0.041,0.177,-0.023,0.193,-0.009,0.212,0.004,0.232,0.014,0.254,0.022,0.277,0.027,0.303,0.03,0.33,0.031,0.37,0.03,0.414,0.024,0.462,0.014,0.513,-0,0.568,-0.019,0.626,-0.042,0.688,-0.069,0.754,-0.1,0.759,-0.076,0.769,-0.055,0.784,-0.038,0.805,-0.024,0.83,-0.013,0.861,-0.005,0.897,-0.001,0.938,-0,0.964,-0.001,0.988,-0.004,1.009,-0.01,1.027,-0.017,1.042,-0.027,1.055,-0.038,1.064,-0.052,1.07,-0.068,1.087,-0.209,1.107,-0.354,1.132,-0.496,1.16,-0.627,1.176,-0.687,1.192,-0.74,1.211,-0.788,1.23,-0.83,1.252,-0.865,1.276,-0.89,1.289,-0.899,1.302,-0.906,1.316,-0.91,1.33,-0.912,1.342,-0.908,1.352,-0.901,1.359,-0.891,1.365,-0.877,1.376,-0.841,1.387,-0.801,1.401,-0.761,1.42,-0.727,1.433,-0.712,1.45,-0.701,1.47,-0.694,1.494,-0.691,1.525,-0.694,1.553,-0.7,1.58,-0.711,1.605,-0.727,1.627,-0.747,1.643,-0.771,1.653,-0.798,1.658,-0.828,1.656,-0.851,1.65,-0.874,1.642,-0.896,1.631,-0.918,1.617,-0.939,1.602,-0.959,1.584,-0.978,1.564,-0.996,1.543,-1.014,1.521,-1.029,1.498,-1.042,1.475,-1.053,1.45,-1.062,1.426,-1.069,1.402,-1.074,1.379,-1.076,1.344,-1.073,1.308,-1.065,1.271,-1.052,1.233,-1.034,1.194,-1.011,1.154,-0.983,1.113,-0.95,1.07,-0.912,1.025,-0.998,1.007,-1.027,0.99,-1.047,0.973,-1.062,0.955,-1.07,0.933,-1.075,0.906,-1.076,0.859,-1.072,0.801,-1.064,0.742,-1.059,0.717,-1.056,0.697,-1.057,0.663,-1.057,0.631,-1.06,0.603,-1.065,0.578,-1.072,0.578,-1.119,0.584,-1.184,0.602,-1.283,0.619,-1.383,0.627,-1.422,0.631,-1.451,0.627,-1.478,0.621,-1.496,0.558,-1.479,0.506,-1.461,0.483,-1.45,0.462,-1.436,0.443,-1.42,0.426,-1.4,0.408,-1.377,0.391,-1.348,0.374,-1.315,0.357,-1.277,0.321,-1.185,0.281,-1.068,0.238,-1.073,0.183,-1.077,0.041,-1.08,0.031,-1.078,0.023,-1.074,0.016,-1.068,0.011,-1.059,0.004,-1.034,0.002,-1,0.005,-0.981,0.016,-0.964,0.034,-0.948,0.059,-0.933,0.092,-0.92,0.132,-0.908,0.179,-0.898,0.234,-0.889|0.902,-0.9,0.901,-0.866,0.896,-0.824,0.879,-0.723,0.855,-0.607,0.826,-0.488,0.81,-0.43,0.793,-0.375,0.773,-0.318,0.748,-0.256,0.734,-0.226,0.72,-0.204,0.705,-0.188,0.689,-0.18,0.655,-0.174,0.613,-0.172,0.575,-0.175,0.542,-0.185,0.527,-0.193,0.513,-0.202,0.501,-0.213,0.49,-0.225,0.472,-0.255,0.459,-0.292,0.452,-0.335,0.449,-0.385,0.452,-0.448,0.461,-0.525,0.476,-0.61,0.492,-0.691,0.525,-0.822,0.536,-0.859,0.539,-0.867,0.541,-0.867,0.754,-0.885,0.902,-0.9
opus 02D9 0,0.184,0.002,0.225,0.009,0.265,0.021,0.302,0.037,0.336,0.057,0.369,0.082,0.398,0.109,0.425,0.141,0.449,0.176,0.47,0.214,0.488,0.254,0.503,0.297,0.516,0.343,0.526,0.391,0.533,0.44,0.538,0.492,0.539,0.577,0.536,0.661,0.526,0.743,0.51,0.824,0.488,0.903,0.459,0.979,0.426,1.05,0.387,1.117,0.344,1.18,0.296,1.236,0.244,1.286,0.188,1.328,0.129,1.346,0.097,1.362,0.065,1.376,0.032,1.387,-0.001,1.396,-0.035,1.402,-0.07,1.407,-0.105,1.408,-0.141,1.406,-0.186,1.398,-0.229,1.386,-0.27,1.369,-0.309,1.344,-0.347,1.311,-0.385,1.269,-0.424,1.219,-0.463,1.189,-0.482,1.155,-0.498,1.117,-0.512,1.074,-0.523,1.027,-0.532,0.976,-0.539,0.92,-0.543,0.859,-0.545,0.781,-0.54,0.703,-0.528,0.626,-0.509,0.551,-0.482,0.476,-0.449,0.405,-0.41,0.338,-0.366,0.273,-0.316,0.214,-0.262,0.162,-0.205,0.116,-0.145,0.076,-0.082,0.059,-0.05,0.044,-0.017,0.031,0.016,0.02,0.049,0.012,0.082,0.005,0.116,0.002,0.15,0,0.184|1.088,-0.424,1.141,-0.42,1.188,-0.411,1.227,-0.397,1.244,-0.387,1.259,-0.376,1.273,-0.364,1.284,-0.35,1.294,-0.334,1.302,-0.318,1.308,-0.299,1.313,-0.28,1.316,-0.236,1.314,-0.214,1.307,-0.19,1.297,-0.166,1.283,-0.141,1.266,-0.114,1.246,-0.087,1.223,-0.06,1.197,-0.033,1.139,0.022,1.072,0.076,0.998,0.13,0.92,0.182,0.837,0.232,0.754,0.277,0.671,0.317,0.592,0.352,0.515,0.381,0.443,0.402,0.377,0.416,0.348,0.419,0.32,0.42,0.267,0.417,0.22,0.408,0.181,0.394,0.164,0.384,0.149,0.373,0.136,0.361,0.124,0.347,0.114,0.331,0.106,0.314,0.1,0.296,0.095,0.276,0.092,0.232,0.094,0.21,0.099,0.187,0.108,0.162,0.121,0.137,0.138,0.11,0.158,0.083,0.181,0.057,0.207,0.029,0.268,-0.027,0.336,-0.082,0.411,-0.135,0.49,-0.186,0.573,-0.234,0.656,-0.277,0.739,-0.317,0.82,-0.352,0.897,-0.381,0.967,-0.402,1.031,-0.417,1.088,-0.424
opus 2018 0,-0,0.52,-0,2.52,-2,2,-2,0,-0|0.381,-1.504,0.384,-1.462,0.395,-1.424,0.403,-1.406,0.413,-1.39,0.438,-1.359,0.469,-1.334,0.486,-1.324,0.503,-1.315,0.522,-1.309,0.542,-1.304,0.584,-1.301,0.623,-1.304,0.658,-1.315,0.691,-1.333,0.721,-1.357,0.747,-1.389,0.766,-1.423,0.778,-1.462,0.783,-1.504,0.778,-1.542,0.766,-1.578,0.748,-1.611,0.723,-1.641,0.692,-1.667,0.659,-1.686,0.623,-1.698,0.584,-1.703,0.542,-1.698,0.504,-1.686,0.47,-1.668,0.439,-1.643,0.414,-1.612,0.396,-1.579,0.385,-1.543,0.381,-1.504,0.381,-1.504|1.779,-0.545,1.783,-0.502,1.793,-0.463,1.801,-0.446,1.811,-0.429,1.823,-0.413,1.836,-0.398,1.851,-0.385,1.867,-0.373,1.884,-0.363,1.902,-0.354,1.921,-0.348,1.941,-0.344,1.984,-0.34,2.023,-0.343,2.059,-0.354,2.091,-0.372,2.121,-0.396,2.147,-0.428,2.166,-0.463,2.178,-0.502,2.184,-0.545,2.178,-0.583,2.167,-0.619,2.148,-0.652,2.123,-0.682,2.092,-0.708,2.059,-0.727,2.023,-0.739,1.984,-0.744,1.942,-0.739,1.903,-0.727,1.868,-0.709,1.838,-0.684,1.812,-0.653,1.794,-0.62,1.783,-0.584,1.779,-0.545
opus 2030 1.063,-0.656,0.986,-0.593,0.911,-0.538,0.837,-0.492,0.765,-0.455,0.695,-0.425,0.626,-0.405,0.593,-0.397,0.559,-0.392,0.527,-0.389,0.494,-0.389,0.463,-0.392,0.451,-0.395,0.441,-0.4,0.47,-0.458,0.49,-0.512,0.502,-0.562,0.506,-0.607,0.502,-0.654,0.498,-0.674,0.492,-0.694,0.484,-0.711,0.474,-0.728,0.462,-0.742,0.449,-0.755,0.434,-0.767,0.417,-0.777,0.398,-0.785,0.377,-0.792,0.331,-0.802,0.277,-0.805,0.251,-0.804,0.226,-0.8,0.2,-0.795,0.176,-0.787,0.129,-0.768,0.088,-0.744,0.069,-0.73,0.053,-0.714,0.038,-0.698,0.025,-0.68,0.015,-0.661,0.008,-0.641,0.003,-0.621,0.002,-0.6,0.003,-0.564,0.007,-0.531,0.014,-0.5,0.024,-0.472,0.037,-0.445,0.053,-0.421,0.072,-0.4,0.094,-0.38,0.118,-0.363,0.146,-0.349,0.177,-0.336,0.21,-0.326,0.246,-0.318,0.286,-0.313,0.328,-0.31,0.373,-0.309,0.426,-0.31,0.482,-0.315,0.541,-0.323,0.604,-0.334,0.67,-0.349,0.74,-0.367,0.814,-0.388,0.891,-0.412,0.25,0.996,0.418,0.996,1.063,-0.656
opus 2039 1.012,0.5,1.012,0.207,0.98,0.207,0.928,0.204,0.876,0.194,0.825,0.178,0.773,0.155,0.722,0.126,0.67,0.091,0.619,0.049,0.568,-0,0.618,-0.046,0.669,-0.087,0.722,-0.122,0.777,-0.152,0.833,-0.176,0.891,-0.194,0.951,-0.206,1.012,-0.213,1.012,-0.504,0.721,-0.504,0.717,-0.447,0.707,-0.39,0.69,-0.334,0.667,-0.278,0.636,-0.223,0.599,-0.168,0.555,-0.114,0.504,-0.061,0.454,-0.113,0.412,-0.166,0.375,-0.22,0.346,-0.275,0.323,-0.331,0.306,-0.388,0.296,-0.445,0.293,-0.504,0,-0.504,0,-0.213,0.058,-0.209,0.116,-0.199,0.172,-0.182,0.228,-0.159,0.283,-0.129,0.337,-0.092,0.391,-0.049,0.443,-0,0.391,0.049,0.337,0.091,0.283,0.127,0.228,0.156,0.172,0.179,0.116,0.195,0.058,0.204,0,0.207,0,0.5,0.293,0.5,0.296,0.442,0.306,0.384,0.323,0.328,0.346,0.272,0.375,0.217,0.412,0.163,0.454,0.109,0.504,0.057,0.555,0.111,0.599,0.165,0.636,0.22,0.667,0.275,0.69,0.331,0.707,0.387,0.717,0.443,0.721,0.5,1.012,0.5
opus 2211 0,-0.52,1.123,-0.52,1.123,-1,0,-1,0,-0.52
opus 2248 1.473,-0.672,1.378,-0.609,1.291,-0.554,1.211,-0.508,1.138,-0.47,1.073,-0.441,1.015,-0.42,0.964,-0.408,0.92,-0.404,0.884,-0.406,0.852,-0.412,0.878,-0.468,0.897,-0.521,0.908,-0.572,0.912,-0.619,0.909,-0.665,0.904,-0.686,0.899,-0.705,0.891,-0.723,0.882,-0.739,0.871,-0.754,0.858,-0.767,0.844,-0.779,0.827,-0.789,0.81,-0.797,0.79,-0.804,0.746,-0.813,0.695,-0.816,0.667,-0.815,0.639,-0.812,0.613,-0.807,0.588,-0.799,0.563,-0.789,0.541,-0.778,0.519,-0.765,0.5,-0.75,0.482,-0.734,0.465,-0.716,0.451,-0.697,0.439,-0.676,0.429,-0.654,0.422,-0.63,0.417,-0.606,0.416,-0.58,0.417,-0.549,0.421,-0.52,0.429,-0.493,0.439,-0.467,0.452,-0.444,0.468,-0.423,0.487,-0.404,0.509,-0.387,0.534,-0.372,0.562,-0.359,0.593,-0.348,0.627,-0.339,0.664,-0.333,0.704,-0.328,0.747,-0.325,0.793,-0.324,0.847,-0.325,0.904,-0.33,0.962,-0.337,1.023,-0.348,1.086,-0.362,1.151,-0.38,1.218,-0.4,1.287,-0.424,0.881,0.484,0.768,0.525,0.676,0.553,0.605,0.57,0.578,0.575,0.557,0.576,0.511,0.576,0.469,0.572,0.494,0.518,0.513,0.466,0.524,0.417,0.527,0.371,0.523,0.328,0.519,0.308,0.513,0.29,0.505,0.273,0.495,0.258,0.484,0.244,0.471,0.231,0.456,0.22,0.439,0.211,0.401,0.196,0.356,0.187,0.305,0.184,0.275,0.185,0.246,0.188,0.218,0.193,0.191,0.201,0.14,0.222,0.117,0.234,0.096,0.248,0.075,0.263,0.058,0.28,0.042,0.299,0.029,0.318,0.018,0.339,0.01,0.361,0.005,0.384,0.004,0.408,0.006,0.442,0.01,0.473,0.017,0.502,0.028,0.529,0.041,0.553,0.056,0.576,0.075,0.596,0.097,0.615,0.121,0.631,0.148,0.645,0.178,0.657,0.211,0.666,0.247,0.674,0.285,0.679,0.327,0.683,0.371,0.684,0.428,0.682,0.486,0.678,0.544,0.671,0.602,0.66,0.66,0.646,0.718,0.628,0.777,0.608,0.836,0.584,0.252,1.896,0.436,1.896,1.473,-0.672
